Created by PLY version 3.11 (http://www.dabeaz.com/ply)

Unused terminals:

    ADD
    ALL
    ALTER
    BETWEEN
    CREATE
    DOT
    DROP
    EXISTS
    IN
    IS
    LIKE
    NULL
    TABLE
    UNION

Grammar

Rule 0     S' -> statement_list
Rule 1     statement_list -> statement_list statement SEMICOLON
Rule 2     statement_list -> statement SEMICOLON
Rule 3     statement -> select_statement
Rule 4     statement -> insert_statement
Rule 5     statement -> update_statement
Rule 6     statement -> delete_statement
Rule 7     select_statement -> SELECT select_opts select_list FROM table_list opt_where opt_group opt_having opt_order
Rule 8     select_opts -> DISTINCT
Rule 9     select_opts -> empty
Rule 10    select_list -> select_list COMMA expression
Rule 11    select_list -> expression
Rule 12    table_list -> table_list COMMA table_reference
Rule 13    table_list -> table_reference
Rule 14    table_reference -> IDENTIFIER opt_alias opt_join
Rule 15    opt_alias -> IDENTIFIER
Rule 16    opt_alias -> empty
Rule 17    opt_join -> join_clause
Rule 18    opt_join -> empty
Rule 19    join_clause -> join_type JOIN table_reference ON expression
Rule 20    join_type -> INNER
Rule 21    join_type -> LEFT
Rule 22    join_type -> RIGHT
Rule 23    join_type -> OUTER
Rule 24    opt_where -> WHERE expression
Rule 25    opt_where -> empty
Rule 26    opt_group -> GROUP BY expression_list
Rule 27    opt_group -> empty
Rule 28    opt_having -> HAVING expression
Rule 29    opt_having -> empty
Rule 30    opt_order -> ORDER BY order_list
Rule 31    opt_order -> empty
Rule 32    order_list -> order_list COMMA order_expression
Rule 33    order_list -> order_expression
Rule 34    order_expression -> expression opt_ascdesc
Rule 35    opt_ascdesc -> ASC
Rule 36    opt_ascdesc -> DESC
Rule 37    opt_ascdesc -> empty
Rule 38    expression_list -> expression_list COMMA expression
Rule 39    expression_list -> expression
Rule 40    expression -> expression PLUS expression
Rule 41    expression -> expression MINUS expression
Rule 42    expression -> expression TIMES expression
Rule 43    expression -> expression DIVIDE expression
Rule 44    expression -> expression EQ expression
Rule 45    expression -> expression NEQ expression
Rule 46    expression -> expression LT expression
Rule 47    expression -> expression LE expression
Rule 48    expression -> expression GT expression
Rule 49    expression -> expression GE expression
Rule 50    expression -> expression AND expression
Rule 51    expression -> expression OR expression
Rule 52    expression -> NOT expression
Rule 53    expression -> LPAREN expression RPAREN
Rule 54    expression -> NUMBER
Rule 55    expression -> STRING
Rule 56    expression -> IDENTIFIER
Rule 57    expression -> CASE case_list ELSE expression END
Rule 58    case_list -> case_list WHEN expression THEN expression
Rule 59    case_list -> WHEN expression THEN expression
Rule 60    insert_statement -> INSERT INTO IDENTIFIER LPAREN expression_list RPAREN VALUES LPAREN expression_list RPAREN
Rule 61    update_statement -> UPDATE IDENTIFIER SET assignment_list opt_where
Rule 62    assignment_list -> assignment_list COMMA assignment
Rule 63    assignment_list -> assignment
Rule 64    assignment -> IDENTIFIER EQ expression
Rule 65    delete_statement -> DELETE FROM IDENTIFIER opt_where
Rule 66    empty -> <empty>

Terminals, with rules where they appear

ADD                  : 
ALL                  : 
ALTER                : 
AND                  : 50
ASC                  : 35
BETWEEN              : 
BY                   : 26 30
CASE                 : 57
COMMA                : 10 12 32 38 62
CREATE               : 
DELETE               : 65
DESC                 : 36
DISTINCT             : 8
DIVIDE               : 43
DOT                  : 
DROP                 : 
ELSE                 : 57
END                  : 57
EQ                   : 44 64
EXISTS               : 
FROM                 : 7 65
GE                   : 49
GROUP                : 26
GT                   : 48
HAVING               : 28
IDENTIFIER           : 14 15 56 60 61 64 65
IN                   : 
INNER                : 20
INSERT               : 60
INTO                 : 60
IS                   : 
JOIN                 : 19
LE                   : 47
LEFT                 : 21
LIKE                 : 
LPAREN               : 53 60 60
LT                   : 46
MINUS                : 41
NEQ                  : 45
NOT                  : 52
NULL                 : 
NUMBER               : 54
ON                   : 19
OR                   : 51
ORDER                : 30
OUTER                : 23
PLUS                 : 40
RIGHT                : 22
RPAREN               : 53 60 60
SELECT               : 7
SEMICOLON            : 1 2
SET                  : 61
STRING               : 55
TABLE                : 
THEN                 : 58 59
TIMES                : 42
UNION                : 
UPDATE               : 61
VALUES               : 60
WHEN                 : 58 59
WHERE                : 24
error                : 

Nonterminals, with rules where they appear

assignment           : 62 63
assignment_list      : 61 62
case_list            : 57 58
delete_statement     : 6
empty                : 9 16 18 25 27 29 31 37
expression           : 10 11 19 24 28 34 38 39 40 40 41 41 42 42 43 43 44 44 45 45 46 46 47 47 48 48 49 49 50 50 51 51 52 53 57 58 58 59 59 64
expression_list      : 26 38 60 60
insert_statement     : 4
join_clause          : 17
join_type            : 19
opt_alias            : 14
opt_ascdesc          : 34
opt_group            : 7
opt_having           : 7
opt_join             : 14
opt_order            : 7
opt_where            : 7 61 65
order_expression     : 32 33
order_list           : 30 32
select_list          : 7 10
select_opts          : 7
select_statement     : 3
statement            : 1 2
statement_list       : 1 0
table_list           : 7 12
table_reference      : 12 13 19
update_statement     : 5

Parsing method: LALR

state 0

    (0) S' -> . statement_list
    (1) statement_list -> . statement_list statement SEMICOLON
    (2) statement_list -> . statement SEMICOLON
    (3) statement -> . select_statement
    (4) statement -> . insert_statement
    (5) statement -> . update_statement
    (6) statement -> . delete_statement
    (7) select_statement -> . SELECT select_opts select_list FROM table_list opt_where opt_group opt_having opt_order
    (60) insert_statement -> . INSERT INTO IDENTIFIER LPAREN expression_list RPAREN VALUES LPAREN expression_list RPAREN
    (61) update_statement -> . UPDATE IDENTIFIER SET assignment_list opt_where
    (65) delete_statement -> . DELETE FROM IDENTIFIER opt_where

    SELECT          shift and go to state 7
    INSERT          shift and go to state 8
    UPDATE          shift and go to state 9
    DELETE          shift and go to state 10

    statement_list                 shift and go to state 1
    statement                      shift and go to state 2
    select_statement               shift and go to state 3
    insert_statement               shift and go to state 4
    update_statement               shift and go to state 5
    delete_statement               shift and go to state 6

state 1

    (0) S' -> statement_list .
    (1) statement_list -> statement_list . statement SEMICOLON
    (3) statement -> . select_statement
    (4) statement -> . insert_statement
    (5) statement -> . update_statement
    (6) statement -> . delete_statement
    (7) select_statement -> . SELECT select_opts select_list FROM table_list opt_where opt_group opt_having opt_order
    (60) insert_statement -> . INSERT INTO IDENTIFIER LPAREN expression_list RPAREN VALUES LPAREN expression_list RPAREN
    (61) update_statement -> . UPDATE IDENTIFIER SET assignment_list opt_where
    (65) delete_statement -> . DELETE FROM IDENTIFIER opt_where

    SELECT          shift and go to state 7
    INSERT          shift and go to state 8
    UPDATE          shift and go to state 9
    DELETE          shift and go to state 10

    statement                      shift and go to state 11
    select_statement               shift and go to state 3
    insert_statement               shift and go to state 4
    update_statement               shift and go to state 5
    delete_statement               shift and go to state 6

state 2

    (2) statement_list -> statement . SEMICOLON

    SEMICOLON       shift and go to state 12


state 3

    (3) statement -> select_statement .

    SEMICOLON       reduce using rule 3 (statement -> select_statement .)


state 4

    (4) statement -> insert_statement .

    SEMICOLON       reduce using rule 4 (statement -> insert_statement .)


state 5

    (5) statement -> update_statement .

    SEMICOLON       reduce using rule 5 (statement -> update_statement .)


state 6

    (6) statement -> delete_statement .

    SEMICOLON       reduce using rule 6 (statement -> delete_statement .)


state 7

    (7) select_statement -> SELECT . select_opts select_list FROM table_list opt_where opt_group opt_having opt_order
    (8) select_opts -> . DISTINCT
    (9) select_opts -> . empty
    (66) empty -> .

    DISTINCT        shift and go to state 14
    NOT             reduce using rule 66 (empty -> .)
    LPAREN          reduce using rule 66 (empty -> .)
    NUMBER          reduce using rule 66 (empty -> .)
    STRING          reduce using rule 66 (empty -> .)
    IDENTIFIER      reduce using rule 66 (empty -> .)
    CASE            reduce using rule 66 (empty -> .)

    select_opts                    shift and go to state 13
    empty                          shift and go to state 15

state 8

    (60) insert_statement -> INSERT . INTO IDENTIFIER LPAREN expression_list RPAREN VALUES LPAREN expression_list RPAREN

    INTO            shift and go to state 16


state 9

    (61) update_statement -> UPDATE . IDENTIFIER SET assignment_list opt_where

    IDENTIFIER      shift and go to state 17


state 10

    (65) delete_statement -> DELETE . FROM IDENTIFIER opt_where

    FROM            shift and go to state 18


state 11

    (1) statement_list -> statement_list statement . SEMICOLON

    SEMICOLON       shift and go to state 19


state 12

    (2) statement_list -> statement SEMICOLON .

    SELECT          reduce using rule 2 (statement_list -> statement SEMICOLON .)
    INSERT          reduce using rule 2 (statement_list -> statement SEMICOLON .)
    UPDATE          reduce using rule 2 (statement_list -> statement SEMICOLON .)
    DELETE          reduce using rule 2 (statement_list -> statement SEMICOLON .)
    $end            reduce using rule 2 (statement_list -> statement SEMICOLON .)


state 13

    (7) select_statement -> SELECT select_opts . select_list FROM table_list opt_where opt_group opt_having opt_order
    (10) select_list -> . select_list COMMA expression
    (11) select_list -> . expression
    (40) expression -> . expression PLUS expression
    (41) expression -> . expression MINUS expression
    (42) expression -> . expression TIMES expression
    (43) expression -> . expression DIVIDE expression
    (44) expression -> . expression EQ expression
    (45) expression -> . expression NEQ expression
    (46) expression -> . expression LT expression
    (47) expression -> . expression LE expression
    (48) expression -> . expression GT expression
    (49) expression -> . expression GE expression
    (50) expression -> . expression AND expression
    (51) expression -> . expression OR expression
    (52) expression -> . NOT expression
    (53) expression -> . LPAREN expression RPAREN
    (54) expression -> . NUMBER
    (55) expression -> . STRING
    (56) expression -> . IDENTIFIER
    (57) expression -> . CASE case_list ELSE expression END

    NOT             shift and go to state 22
    LPAREN          shift and go to state 23
    NUMBER          shift and go to state 24
    STRING          shift and go to state 25
    IDENTIFIER      shift and go to state 26
    CASE            shift and go to state 27

    select_list                    shift and go to state 20
    expression                     shift and go to state 21

state 14

    (8) select_opts -> DISTINCT .

    NOT             reduce using rule 8 (select_opts -> DISTINCT .)
    LPAREN          reduce using rule 8 (select_opts -> DISTINCT .)
    NUMBER          reduce using rule 8 (select_opts -> DISTINCT .)
    STRING          reduce using rule 8 (select_opts -> DISTINCT .)
    IDENTIFIER      reduce using rule 8 (select_opts -> DISTINCT .)
    CASE            reduce using rule 8 (select_opts -> DISTINCT .)


state 15

    (9) select_opts -> empty .

    NOT             reduce using rule 9 (select_opts -> empty .)
    LPAREN          reduce using rule 9 (select_opts -> empty .)
    NUMBER          reduce using rule 9 (select_opts -> empty .)
    STRING          reduce using rule 9 (select_opts -> empty .)
    IDENTIFIER      reduce using rule 9 (select_opts -> empty .)
    CASE            reduce using rule 9 (select_opts -> empty .)


state 16

    (60) insert_statement -> INSERT INTO . IDENTIFIER LPAREN expression_list RPAREN VALUES LPAREN expression_list RPAREN

    IDENTIFIER      shift and go to state 28


state 17

    (61) update_statement -> UPDATE IDENTIFIER . SET assignment_list opt_where

    SET             shift and go to state 29


state 18

    (65) delete_statement -> DELETE FROM . IDENTIFIER opt_where

    IDENTIFIER      shift and go to state 30


state 19

    (1) statement_list -> statement_list statement SEMICOLON .

    SELECT          reduce using rule 1 (statement_list -> statement_list statement SEMICOLON .)
    INSERT          reduce using rule 1 (statement_list -> statement_list statement SEMICOLON .)
    UPDATE          reduce using rule 1 (statement_list -> statement_list statement SEMICOLON .)
    DELETE          reduce using rule 1 (statement_list -> statement_list statement SEMICOLON .)
    $end            reduce using rule 1 (statement_list -> statement_list statement SEMICOLON .)


state 20

    (7) select_statement -> SELECT select_opts select_list . FROM table_list opt_where opt_group opt_having opt_order
    (10) select_list -> select_list . COMMA expression

    FROM            shift and go to state 31
    COMMA           shift and go to state 32


state 21

    (11) select_list -> expression .
    (40) expression -> expression . PLUS expression
    (41) expression -> expression . MINUS expression
    (42) expression -> expression . TIMES expression
    (43) expression -> expression . DIVIDE expression
    (44) expression -> expression . EQ expression
    (45) expression -> expression . NEQ expression
    (46) expression -> expression . LT expression
    (47) expression -> expression . LE expression
    (48) expression -> expression . GT expression
    (49) expression -> expression . GE expression
    (50) expression -> expression . AND expression
    (51) expression -> expression . OR expression

    FROM            reduce using rule 11 (select_list -> expression .)
    COMMA           reduce using rule 11 (select_list -> expression .)
    PLUS            shift and go to state 33
    MINUS           shift and go to state 34
    TIMES           shift and go to state 35
    DIVIDE          shift and go to state 36
    EQ              shift and go to state 37
    NEQ             shift and go to state 38
    LT              shift and go to state 39
    LE              shift and go to state 40
    GT              shift and go to state 41
    GE              shift and go to state 42
    AND             shift and go to state 43
    OR              shift and go to state 44


state 22

    (52) expression -> NOT . expression
    (40) expression -> . expression PLUS expression
    (41) expression -> . expression MINUS expression
    (42) expression -> . expression TIMES expression
    (43) expression -> . expression DIVIDE expression
    (44) expression -> . expression EQ expression
    (45) expression -> . expression NEQ expression
    (46) expression -> . expression LT expression
    (47) expression -> . expression LE expression
    (48) expression -> . expression GT expression
    (49) expression -> . expression GE expression
    (50) expression -> . expression AND expression
    (51) expression -> . expression OR expression
    (52) expression -> . NOT expression
    (53) expression -> . LPAREN expression RPAREN
    (54) expression -> . NUMBER
    (55) expression -> . STRING
    (56) expression -> . IDENTIFIER
    (57) expression -> . CASE case_list ELSE expression END

    NOT             shift and go to state 22
    LPAREN          shift and go to state 23
    NUMBER          shift and go to state 24
    STRING          shift and go to state 25
    IDENTIFIER      shift and go to state 26
    CASE            shift and go to state 27

    expression                     shift and go to state 45

state 23

    (53) expression -> LPAREN . expression RPAREN
    (40) expression -> . expression PLUS expression
    (41) expression -> . expression MINUS expression
    (42) expression -> . expression TIMES expression
    (43) expression -> . expression DIVIDE expression
    (44) expression -> . expression EQ expression
    (45) expression -> . expression NEQ expression
    (46) expression -> . expression LT expression
    (47) expression -> . expression LE expression
    (48) expression -> . expression GT expression
    (49) expression -> . expression GE expression
    (50) expression -> . expression AND expression
    (51) expression -> . expression OR expression
    (52) expression -> . NOT expression
    (53) expression -> . LPAREN expression RPAREN
    (54) expression -> . NUMBER
    (55) expression -> . STRING
    (56) expression -> . IDENTIFIER
    (57) expression -> . CASE case_list ELSE expression END

    NOT             shift and go to state 22
    LPAREN          shift and go to state 23
    NUMBER          shift and go to state 24
    STRING          shift and go to state 25
    IDENTIFIER      shift and go to state 26
    CASE            shift and go to state 27

    expression                     shift and go to state 46

state 24

    (54) expression -> NUMBER .

    PLUS            reduce using rule 54 (expression -> NUMBER .)
    MINUS           reduce using rule 54 (expression -> NUMBER .)
    TIMES           reduce using rule 54 (expression -> NUMBER .)
    DIVIDE          reduce using rule 54 (expression -> NUMBER .)
    EQ              reduce using rule 54 (expression -> NUMBER .)
    NEQ             reduce using rule 54 (expression -> NUMBER .)
    LT              reduce using rule 54 (expression -> NUMBER .)
    LE              reduce using rule 54 (expression -> NUMBER .)
    GT              reduce using rule 54 (expression -> NUMBER .)
    GE              reduce using rule 54 (expression -> NUMBER .)
    AND             reduce using rule 54 (expression -> NUMBER .)
    OR              reduce using rule 54 (expression -> NUMBER .)
    FROM            reduce using rule 54 (expression -> NUMBER .)
    COMMA           reduce using rule 54 (expression -> NUMBER .)
    RPAREN          reduce using rule 54 (expression -> NUMBER .)
    THEN            reduce using rule 54 (expression -> NUMBER .)
    SEMICOLON       reduce using rule 54 (expression -> NUMBER .)
    GROUP           reduce using rule 54 (expression -> NUMBER .)
    HAVING          reduce using rule 54 (expression -> NUMBER .)
    ORDER           reduce using rule 54 (expression -> NUMBER .)
    END             reduce using rule 54 (expression -> NUMBER .)
    WHERE           reduce using rule 54 (expression -> NUMBER .)
    ELSE            reduce using rule 54 (expression -> NUMBER .)
    WHEN            reduce using rule 54 (expression -> NUMBER .)
    ASC             reduce using rule 54 (expression -> NUMBER .)
    DESC            reduce using rule 54 (expression -> NUMBER .)
    ON              reduce using rule 54 (expression -> NUMBER .)


state 25

    (55) expression -> STRING .

    PLUS            reduce using rule 55 (expression -> STRING .)
    MINUS           reduce using rule 55 (expression -> STRING .)
    TIMES           reduce using rule 55 (expression -> STRING .)
    DIVIDE          reduce using rule 55 (expression -> STRING .)
    EQ              reduce using rule 55 (expression -> STRING .)
    NEQ             reduce using rule 55 (expression -> STRING .)
    LT              reduce using rule 55 (expression -> STRING .)
    LE              reduce using rule 55 (expression -> STRING .)
    GT              reduce using rule 55 (expression -> STRING .)
    GE              reduce using rule 55 (expression -> STRING .)
    AND             reduce using rule 55 (expression -> STRING .)
    OR              reduce using rule 55 (expression -> STRING .)
    FROM            reduce using rule 55 (expression -> STRING .)
    COMMA           reduce using rule 55 (expression -> STRING .)
    RPAREN          reduce using rule 55 (expression -> STRING .)
    THEN            reduce using rule 55 (expression -> STRING .)
    SEMICOLON       reduce using rule 55 (expression -> STRING .)
    GROUP           reduce using rule 55 (expression -> STRING .)
    HAVING          reduce using rule 55 (expression -> STRING .)
    ORDER           reduce using rule 55 (expression -> STRING .)
    END             reduce using rule 55 (expression -> STRING .)
    WHERE           reduce using rule 55 (expression -> STRING .)
    ELSE            reduce using rule 55 (expression -> STRING .)
    WHEN            reduce using rule 55 (expression -> STRING .)
    ASC             reduce using rule 55 (expression -> STRING .)
    DESC            reduce using rule 55 (expression -> STRING .)
    ON              reduce using rule 55 (expression -> STRING .)


state 26

    (56) expression -> IDENTIFIER .

    PLUS            reduce using rule 56 (expression -> IDENTIFIER .)
    MINUS           reduce using rule 56 (expression -> IDENTIFIER .)
    TIMES           reduce using rule 56 (expression -> IDENTIFIER .)
    DIVIDE          reduce using rule 56 (expression -> IDENTIFIER .)
    EQ              reduce using rule 56 (expression -> IDENTIFIER .)
    NEQ             reduce using rule 56 (expression -> IDENTIFIER .)
    LT              reduce using rule 56 (expression -> IDENTIFIER .)
    LE              reduce using rule 56 (expression -> IDENTIFIER .)
    GT              reduce using rule 56 (expression -> IDENTIFIER .)
    GE              reduce using rule 56 (expression -> IDENTIFIER .)
    AND             reduce using rule 56 (expression -> IDENTIFIER .)
    OR              reduce using rule 56 (expression -> IDENTIFIER .)
    FROM            reduce using rule 56 (expression -> IDENTIFIER .)
    COMMA           reduce using rule 56 (expression -> IDENTIFIER .)
    RPAREN          reduce using rule 56 (expression -> IDENTIFIER .)
    THEN            reduce using rule 56 (expression -> IDENTIFIER .)
    SEMICOLON       reduce using rule 56 (expression -> IDENTIFIER .)
    GROUP           reduce using rule 56 (expression -> IDENTIFIER .)
    HAVING          reduce using rule 56 (expression -> IDENTIFIER .)
    ORDER           reduce using rule 56 (expression -> IDENTIFIER .)
    END             reduce using rule 56 (expression -> IDENTIFIER .)
    WHERE           reduce using rule 56 (expression -> IDENTIFIER .)
    ELSE            reduce using rule 56 (expression -> IDENTIFIER .)
    WHEN            reduce using rule 56 (expression -> IDENTIFIER .)
    ASC             reduce using rule 56 (expression -> IDENTIFIER .)
    DESC            reduce using rule 56 (expression -> IDENTIFIER .)
    ON              reduce using rule 56 (expression -> IDENTIFIER .)


state 27

    (57) expression -> CASE . case_list ELSE expression END
    (58) case_list -> . case_list WHEN expression THEN expression
    (59) case_list -> . WHEN expression THEN expression

    WHEN            shift and go to state 48

    case_list                      shift and go to state 47

state 28

    (60) insert_statement -> INSERT INTO IDENTIFIER . LPAREN expression_list RPAREN VALUES LPAREN expression_list RPAREN

    LPAREN          shift and go to state 49


state 29

    (61) update_statement -> UPDATE IDENTIFIER SET . assignment_list opt_where
    (62) assignment_list -> . assignment_list COMMA assignment
    (63) assignment_list -> . assignment
    (64) assignment -> . IDENTIFIER EQ expression

    IDENTIFIER      shift and go to state 50

    assignment_list                shift and go to state 51
    assignment                     shift and go to state 52

state 30

    (65) delete_statement -> DELETE FROM IDENTIFIER . opt_where
    (24) opt_where -> . WHERE expression
    (25) opt_where -> . empty
    (66) empty -> .

    WHERE           shift and go to state 54
    SEMICOLON       reduce using rule 66 (empty -> .)

    opt_where                      shift and go to state 53
    empty                          shift and go to state 55

state 31

    (7) select_statement -> SELECT select_opts select_list FROM . table_list opt_where opt_group opt_having opt_order
    (12) table_list -> . table_list COMMA table_reference
    (13) table_list -> . table_reference
    (14) table_reference -> . IDENTIFIER opt_alias opt_join

    IDENTIFIER      shift and go to state 58

    table_list                     shift and go to state 56
    table_reference                shift and go to state 57

state 32

    (10) select_list -> select_list COMMA . expression
    (40) expression -> . expression PLUS expression
    (41) expression -> . expression MINUS expression
    (42) expression -> . expression TIMES expression
    (43) expression -> . expression DIVIDE expression
    (44) expression -> . expression EQ expression
    (45) expression -> . expression NEQ expression
    (46) expression -> . expression LT expression
    (47) expression -> . expression LE expression
    (48) expression -> . expression GT expression
    (49) expression -> . expression GE expression
    (50) expression -> . expression AND expression
    (51) expression -> . expression OR expression
    (52) expression -> . NOT expression
    (53) expression -> . LPAREN expression RPAREN
    (54) expression -> . NUMBER
    (55) expression -> . STRING
    (56) expression -> . IDENTIFIER
    (57) expression -> . CASE case_list ELSE expression END

    NOT             shift and go to state 22
    LPAREN          shift and go to state 23
    NUMBER          shift and go to state 24
    STRING          shift and go to state 25
    IDENTIFIER      shift and go to state 26
    CASE            shift and go to state 27

    expression                     shift and go to state 59

state 33

    (40) expression -> expression PLUS . expression
    (40) expression -> . expression PLUS expression
    (41) expression -> . expression MINUS expression
    (42) expression -> . expression TIMES expression
    (43) expression -> . expression DIVIDE expression
    (44) expression -> . expression EQ expression
    (45) expression -> . expression NEQ expression
    (46) expression -> . expression LT expression
    (47) expression -> . expression LE expression
    (48) expression -> . expression GT expression
    (49) expression -> . expression GE expression
    (50) expression -> . expression AND expression
    (51) expression -> . expression OR expression
    (52) expression -> . NOT expression
    (53) expression -> . LPAREN expression RPAREN
    (54) expression -> . NUMBER
    (55) expression -> . STRING
    (56) expression -> . IDENTIFIER
    (57) expression -> . CASE case_list ELSE expression END

    NOT             shift and go to state 22
    LPAREN          shift and go to state 23
    NUMBER          shift and go to state 24
    STRING          shift and go to state 25
    IDENTIFIER      shift and go to state 26
    CASE            shift and go to state 27

    expression                     shift and go to state 60

state 34

    (41) expression -> expression MINUS . expression
    (40) expression -> . expression PLUS expression
    (41) expression -> . expression MINUS expression
    (42) expression -> . expression TIMES expression
    (43) expression -> . expression DIVIDE expression
    (44) expression -> . expression EQ expression
    (45) expression -> . expression NEQ expression
    (46) expression -> . expression LT expression
    (47) expression -> . expression LE expression
    (48) expression -> . expression GT expression
    (49) expression -> . expression GE expression
    (50) expression -> . expression AND expression
    (51) expression -> . expression OR expression
    (52) expression -> . NOT expression
    (53) expression -> . LPAREN expression RPAREN
    (54) expression -> . NUMBER
    (55) expression -> . STRING
    (56) expression -> . IDENTIFIER
    (57) expression -> . CASE case_list ELSE expression END

    NOT             shift and go to state 22
    LPAREN          shift and go to state 23
    NUMBER          shift and go to state 24
    STRING          shift and go to state 25
    IDENTIFIER      shift and go to state 26
    CASE            shift and go to state 27

    expression                     shift and go to state 61

state 35

    (42) expression -> expression TIMES . expression
    (40) expression -> . expression PLUS expression
    (41) expression -> . expression MINUS expression
    (42) expression -> . expression TIMES expression
    (43) expression -> . expression DIVIDE expression
    (44) expression -> . expression EQ expression
    (45) expression -> . expression NEQ expression
    (46) expression -> . expression LT expression
    (47) expression -> . expression LE expression
    (48) expression -> . expression GT expression
    (49) expression -> . expression GE expression
    (50) expression -> . expression AND expression
    (51) expression -> . expression OR expression
    (52) expression -> . NOT expression
    (53) expression -> . LPAREN expression RPAREN
    (54) expression -> . NUMBER
    (55) expression -> . STRING
    (56) expression -> . IDENTIFIER
    (57) expression -> . CASE case_list ELSE expression END

    NOT             shift and go to state 22
    LPAREN          shift and go to state 23
    NUMBER          shift and go to state 24
    STRING          shift and go to state 25
    IDENTIFIER      shift and go to state 26
    CASE            shift and go to state 27

    expression                     shift and go to state 62

state 36

    (43) expression -> expression DIVIDE . expression
    (40) expression -> . expression PLUS expression
    (41) expression -> . expression MINUS expression
    (42) expression -> . expression TIMES expression
    (43) expression -> . expression DIVIDE expression
    (44) expression -> . expression EQ expression
    (45) expression -> . expression NEQ expression
    (46) expression -> . expression LT expression
    (47) expression -> . expression LE expression
    (48) expression -> . expression GT expression
    (49) expression -> . expression GE expression
    (50) expression -> . expression AND expression
    (51) expression -> . expression OR expression
    (52) expression -> . NOT expression
    (53) expression -> . LPAREN expression RPAREN
    (54) expression -> . NUMBER
    (55) expression -> . STRING
    (56) expression -> . IDENTIFIER
    (57) expression -> . CASE case_list ELSE expression END

    NOT             shift and go to state 22
    LPAREN          shift and go to state 23
    NUMBER          shift and go to state 24
    STRING          shift and go to state 25
    IDENTIFIER      shift and go to state 26
    CASE            shift and go to state 27

    expression                     shift and go to state 63

state 37

    (44) expression -> expression EQ . expression
    (40) expression -> . expression PLUS expression
    (41) expression -> . expression MINUS expression
    (42) expression -> . expression TIMES expression
    (43) expression -> . expression DIVIDE expression
    (44) expression -> . expression EQ expression
    (45) expression -> . expression NEQ expression
    (46) expression -> . expression LT expression
    (47) expression -> . expression LE expression
    (48) expression -> . expression GT expression
    (49) expression -> . expression GE expression
    (50) expression -> . expression AND expression
    (51) expression -> . expression OR expression
    (52) expression -> . NOT expression
    (53) expression -> . LPAREN expression RPAREN
    (54) expression -> . NUMBER
    (55) expression -> . STRING
    (56) expression -> . IDENTIFIER
    (57) expression -> . CASE case_list ELSE expression END

    NOT             shift and go to state 22
    LPAREN          shift and go to state 23
    NUMBER          shift and go to state 24
    STRING          shift and go to state 25
    IDENTIFIER      shift and go to state 26
    CASE            shift and go to state 27

    expression                     shift and go to state 64

state 38

    (45) expression -> expression NEQ . expression
    (40) expression -> . expression PLUS expression
    (41) expression -> . expression MINUS expression
    (42) expression -> . expression TIMES expression
    (43) expression -> . expression DIVIDE expression
    (44) expression -> . expression EQ expression
    (45) expression -> . expression NEQ expression
    (46) expression -> . expression LT expression
    (47) expression -> . expression LE expression
    (48) expression -> . expression GT expression
    (49) expression -> . expression GE expression
    (50) expression -> . expression AND expression
    (51) expression -> . expression OR expression
    (52) expression -> . NOT expression
    (53) expression -> . LPAREN expression RPAREN
    (54) expression -> . NUMBER
    (55) expression -> . STRING
    (56) expression -> . IDENTIFIER
    (57) expression -> . CASE case_list ELSE expression END

    NOT             shift and go to state 22
    LPAREN          shift and go to state 23
    NUMBER          shift and go to state 24
    STRING          shift and go to state 25
    IDENTIFIER      shift and go to state 26
    CASE            shift and go to state 27

    expression                     shift and go to state 65

state 39

    (46) expression -> expression LT . expression
    (40) expression -> . expression PLUS expression
    (41) expression -> . expression MINUS expression
    (42) expression -> . expression TIMES expression
    (43) expression -> . expression DIVIDE expression
    (44) expression -> . expression EQ expression
    (45) expression -> . expression NEQ expression
    (46) expression -> . expression LT expression
    (47) expression -> . expression LE expression
    (48) expression -> . expression GT expression
    (49) expression -> . expression GE expression
    (50) expression -> . expression AND expression
    (51) expression -> . expression OR expression
    (52) expression -> . NOT expression
    (53) expression -> . LPAREN expression RPAREN
    (54) expression -> . NUMBER
    (55) expression -> . STRING
    (56) expression -> . IDENTIFIER
    (57) expression -> . CASE case_list ELSE expression END

    NOT             shift and go to state 22
    LPAREN          shift and go to state 23
    NUMBER          shift and go to state 24
    STRING          shift and go to state 25
    IDENTIFIER      shift and go to state 26
    CASE            shift and go to state 27

    expression                     shift and go to state 66

state 40

    (47) expression -> expression LE . expression
    (40) expression -> . expression PLUS expression
    (41) expression -> . expression MINUS expression
    (42) expression -> . expression TIMES expression
    (43) expression -> . expression DIVIDE expression
    (44) expression -> . expression EQ expression
    (45) expression -> . expression NEQ expression
    (46) expression -> . expression LT expression
    (47) expression -> . expression LE expression
    (48) expression -> . expression GT expression
    (49) expression -> . expression GE expression
    (50) expression -> . expression AND expression
    (51) expression -> . expression OR expression
    (52) expression -> . NOT expression
    (53) expression -> . LPAREN expression RPAREN
    (54) expression -> . NUMBER
    (55) expression -> . STRING
    (56) expression -> . IDENTIFIER
    (57) expression -> . CASE case_list ELSE expression END

    NOT             shift and go to state 22
    LPAREN          shift and go to state 23
    NUMBER          shift and go to state 24
    STRING          shift and go to state 25
    IDENTIFIER      shift and go to state 26
    CASE            shift and go to state 27

    expression                     shift and go to state 67

state 41

    (48) expression -> expression GT . expression
    (40) expression -> . expression PLUS expression
    (41) expression -> . expression MINUS expression
    (42) expression -> . expression TIMES expression
    (43) expression -> . expression DIVIDE expression
    (44) expression -> . expression EQ expression
    (45) expression -> . expression NEQ expression
    (46) expression -> . expression LT expression
    (47) expression -> . expression LE expression
    (48) expression -> . expression GT expression
    (49) expression -> . expression GE expression
    (50) expression -> . expression AND expression
    (51) expression -> . expression OR expression
    (52) expression -> . NOT expression
    (53) expression -> . LPAREN expression RPAREN
    (54) expression -> . NUMBER
    (55) expression -> . STRING
    (56) expression -> . IDENTIFIER
    (57) expression -> . CASE case_list ELSE expression END

    NOT             shift and go to state 22
    LPAREN          shift and go to state 23
    NUMBER          shift and go to state 24
    STRING          shift and go to state 25
    IDENTIFIER      shift and go to state 26
    CASE            shift and go to state 27

    expression                     shift and go to state 68

state 42

    (49) expression -> expression GE . expression
    (40) expression -> . expression PLUS expression
    (41) expression -> . expression MINUS expression
    (42) expression -> . expression TIMES expression
    (43) expression -> . expression DIVIDE expression
    (44) expression -> . expression EQ expression
    (45) expression -> . expression NEQ expression
    (46) expression -> . expression LT expression
    (47) expression -> . expression LE expression
    (48) expression -> . expression GT expression
    (49) expression -> . expression GE expression
    (50) expression -> . expression AND expression
    (51) expression -> . expression OR expression
    (52) expression -> . NOT expression
    (53) expression -> . LPAREN expression RPAREN
    (54) expression -> . NUMBER
    (55) expression -> . STRING
    (56) expression -> . IDENTIFIER
    (57) expression -> . CASE case_list ELSE expression END

    NOT             shift and go to state 22
    LPAREN          shift and go to state 23
    NUMBER          shift and go to state 24
    STRING          shift and go to state 25
    IDENTIFIER      shift and go to state 26
    CASE            shift and go to state 27

    expression                     shift and go to state 69

state 43

    (50) expression -> expression AND . expression
    (40) expression -> . expression PLUS expression
    (41) expression -> . expression MINUS expression
    (42) expression -> . expression TIMES expression
    (43) expression -> . expression DIVIDE expression
    (44) expression -> . expression EQ expression
    (45) expression -> . expression NEQ expression
    (46) expression -> . expression LT expression
    (47) expression -> . expression LE expression
    (48) expression -> . expression GT expression
    (49) expression -> . expression GE expression
    (50) expression -> . expression AND expression
    (51) expression -> . expression OR expression
    (52) expression -> . NOT expression
    (53) expression -> . LPAREN expression RPAREN
    (54) expression -> . NUMBER
    (55) expression -> . STRING
    (56) expression -> . IDENTIFIER
    (57) expression -> . CASE case_list ELSE expression END

    NOT             shift and go to state 22
    LPAREN          shift and go to state 23
    NUMBER          shift and go to state 24
    STRING          shift and go to state 25
    IDENTIFIER      shift and go to state 26
    CASE            shift and go to state 27

    expression                     shift and go to state 70

state 44

    (51) expression -> expression OR . expression
    (40) expression -> . expression PLUS expression
    (41) expression -> . expression MINUS expression
    (42) expression -> . expression TIMES expression
    (43) expression -> . expression DIVIDE expression
    (44) expression -> . expression EQ expression
    (45) expression -> . expression NEQ expression
    (46) expression -> . expression LT expression
    (47) expression -> . expression LE expression
    (48) expression -> . expression GT expression
    (49) expression -> . expression GE expression
    (50) expression -> . expression AND expression
    (51) expression -> . expression OR expression
    (52) expression -> . NOT expression
    (53) expression -> . LPAREN expression RPAREN
    (54) expression -> . NUMBER
    (55) expression -> . STRING
    (56) expression -> . IDENTIFIER
    (57) expression -> . CASE case_list ELSE expression END

    NOT             shift and go to state 22
    LPAREN          shift and go to state 23
    NUMBER          shift and go to state 24
    STRING          shift and go to state 25
    IDENTIFIER      shift and go to state 26
    CASE            shift and go to state 27

    expression                     shift and go to state 71

state 45

    (52) expression -> NOT expression .
    (40) expression -> expression . PLUS expression
    (41) expression -> expression . MINUS expression
    (42) expression -> expression . TIMES expression
    (43) expression -> expression . DIVIDE expression
    (44) expression -> expression . EQ expression
    (45) expression -> expression . NEQ expression
    (46) expression -> expression . LT expression
    (47) expression -> expression . LE expression
    (48) expression -> expression . GT expression
    (49) expression -> expression . GE expression
    (50) expression -> expression . AND expression
    (51) expression -> expression . OR expression

    AND             reduce using rule 52 (expression -> NOT expression .)
    OR              reduce using rule 52 (expression -> NOT expression .)
    FROM            reduce using rule 52 (expression -> NOT expression .)
    COMMA           reduce using rule 52 (expression -> NOT expression .)
    RPAREN          reduce using rule 52 (expression -> NOT expression .)
    THEN            reduce using rule 52 (expression -> NOT expression .)
    SEMICOLON       reduce using rule 52 (expression -> NOT expression .)
    GROUP           reduce using rule 52 (expression -> NOT expression .)
    HAVING          reduce using rule 52 (expression -> NOT expression .)
    ORDER           reduce using rule 52 (expression -> NOT expression .)
    END             reduce using rule 52 (expression -> NOT expression .)
    WHERE           reduce using rule 52 (expression -> NOT expression .)
    ELSE            reduce using rule 52 (expression -> NOT expression .)
    WHEN            reduce using rule 52 (expression -> NOT expression .)
    ASC             reduce using rule 52 (expression -> NOT expression .)
    DESC            reduce using rule 52 (expression -> NOT expression .)
    ON              reduce using rule 52 (expression -> NOT expression .)
    PLUS            shift and go to state 33
    MINUS           shift and go to state 34
    TIMES           shift and go to state 35
    DIVIDE          shift and go to state 36
    EQ              shift and go to state 37
    NEQ             shift and go to state 38
    LT              shift and go to state 39
    LE              shift and go to state 40
    GT              shift and go to state 41
    GE              shift and go to state 42

  ! PLUS            [ reduce using rule 52 (expression -> NOT expression .) ]
  ! MINUS           [ reduce using rule 52 (expression -> NOT expression .) ]
  ! TIMES           [ reduce using rule 52 (expression -> NOT expression .) ]
  ! DIVIDE          [ reduce using rule 52 (expression -> NOT expression .) ]
  ! EQ              [ reduce using rule 52 (expression -> NOT expression .) ]
  ! NEQ             [ reduce using rule 52 (expression -> NOT expression .) ]
  ! LT              [ reduce using rule 52 (expression -> NOT expression .) ]
  ! LE              [ reduce using rule 52 (expression -> NOT expression .) ]
  ! GT              [ reduce using rule 52 (expression -> NOT expression .) ]
  ! GE              [ reduce using rule 52 (expression -> NOT expression .) ]
  ! AND             [ shift and go to state 43 ]
  ! OR              [ shift and go to state 44 ]


state 46

    (53) expression -> LPAREN expression . RPAREN
    (40) expression -> expression . PLUS expression
    (41) expression -> expression . MINUS expression
    (42) expression -> expression . TIMES expression
    (43) expression -> expression . DIVIDE expression
    (44) expression -> expression . EQ expression
    (45) expression -> expression . NEQ expression
    (46) expression -> expression . LT expression
    (47) expression -> expression . LE expression
    (48) expression -> expression . GT expression
    (49) expression -> expression . GE expression
    (50) expression -> expression . AND expression
    (51) expression -> expression . OR expression

    RPAREN          shift and go to state 72
    PLUS            shift and go to state 33
    MINUS           shift and go to state 34
    TIMES           shift and go to state 35
    DIVIDE          shift and go to state 36
    EQ              shift and go to state 37
    NEQ             shift and go to state 38
    LT              shift and go to state 39
    LE              shift and go to state 40
    GT              shift and go to state 41
    GE              shift and go to state 42
    AND             shift and go to state 43
    OR              shift and go to state 44


state 47

    (57) expression -> CASE case_list . ELSE expression END
    (58) case_list -> case_list . WHEN expression THEN expression

    ELSE            shift and go to state 73
    WHEN            shift and go to state 74


state 48

    (59) case_list -> WHEN . expression THEN expression
    (40) expression -> . expression PLUS expression
    (41) expression -> . expression MINUS expression
    (42) expression -> . expression TIMES expression
    (43) expression -> . expression DIVIDE expression
    (44) expression -> . expression EQ expression
    (45) expression -> . expression NEQ expression
    (46) expression -> . expression LT expression
    (47) expression -> . expression LE expression
    (48) expression -> . expression GT expression
    (49) expression -> . expression GE expression
    (50) expression -> . expression AND expression
    (51) expression -> . expression OR expression
    (52) expression -> . NOT expression
    (53) expression -> . LPAREN expression RPAREN
    (54) expression -> . NUMBER
    (55) expression -> . STRING
    (56) expression -> . IDENTIFIER
    (57) expression -> . CASE case_list ELSE expression END

    NOT             shift and go to state 22
    LPAREN          shift and go to state 23
    NUMBER          shift and go to state 24
    STRING          shift and go to state 25
    IDENTIFIER      shift and go to state 26
    CASE            shift and go to state 27

    expression                     shift and go to state 75

state 49

    (60) insert_statement -> INSERT INTO IDENTIFIER LPAREN . expression_list RPAREN VALUES LPAREN expression_list RPAREN
    (38) expression_list -> . expression_list COMMA expression
    (39) expression_list -> . expression
    (40) expression -> . expression PLUS expression
    (41) expression -> . expression MINUS expression
    (42) expression -> . expression TIMES expression
    (43) expression -> . expression DIVIDE expression
    (44) expression -> . expression EQ expression
    (45) expression -> . expression NEQ expression
    (46) expression -> . expression LT expression
    (47) expression -> . expression LE expression
    (48) expression -> . expression GT expression
    (49) expression -> . expression GE expression
    (50) expression -> . expression AND expression
    (51) expression -> . expression OR expression
    (52) expression -> . NOT expression
    (53) expression -> . LPAREN expression RPAREN
    (54) expression -> . NUMBER
    (55) expression -> . STRING
    (56) expression -> . IDENTIFIER
    (57) expression -> . CASE case_list ELSE expression END

    NOT             shift and go to state 22
    LPAREN          shift and go to state 23
    NUMBER          shift and go to state 24
    STRING          shift and go to state 25
    IDENTIFIER      shift and go to state 26
    CASE            shift and go to state 27

    expression_list                shift and go to state 76
    expression                     shift and go to state 77

state 50

    (64) assignment -> IDENTIFIER . EQ expression

    EQ              shift and go to state 78


state 51

    (61) update_statement -> UPDATE IDENTIFIER SET assignment_list . opt_where
    (62) assignment_list -> assignment_list . COMMA assignment
    (24) opt_where -> . WHERE expression
    (25) opt_where -> . empty
    (66) empty -> .

    COMMA           shift and go to state 80
    WHERE           shift and go to state 54
    SEMICOLON       reduce using rule 66 (empty -> .)

    opt_where                      shift and go to state 79
    empty                          shift and go to state 55

state 52

    (63) assignment_list -> assignment .

    COMMA           reduce using rule 63 (assignment_list -> assignment .)
    WHERE           reduce using rule 63 (assignment_list -> assignment .)
    SEMICOLON       reduce using rule 63 (assignment_list -> assignment .)


state 53

    (65) delete_statement -> DELETE FROM IDENTIFIER opt_where .

    SEMICOLON       reduce using rule 65 (delete_statement -> DELETE FROM IDENTIFIER opt_where .)


state 54

    (24) opt_where -> WHERE . expression
    (40) expression -> . expression PLUS expression
    (41) expression -> . expression MINUS expression
    (42) expression -> . expression TIMES expression
    (43) expression -> . expression DIVIDE expression
    (44) expression -> . expression EQ expression
    (45) expression -> . expression NEQ expression
    (46) expression -> . expression LT expression
    (47) expression -> . expression LE expression
    (48) expression -> . expression GT expression
    (49) expression -> . expression GE expression
    (50) expression -> . expression AND expression
    (51) expression -> . expression OR expression
    (52) expression -> . NOT expression
    (53) expression -> . LPAREN expression RPAREN
    (54) expression -> . NUMBER
    (55) expression -> . STRING
    (56) expression -> . IDENTIFIER
    (57) expression -> . CASE case_list ELSE expression END

    NOT             shift and go to state 22
    LPAREN          shift and go to state 23
    NUMBER          shift and go to state 24
    STRING          shift and go to state 25
    IDENTIFIER      shift and go to state 26
    CASE            shift and go to state 27

    expression                     shift and go to state 81

state 55

    (25) opt_where -> empty .

    SEMICOLON       reduce using rule 25 (opt_where -> empty .)
    GROUP           reduce using rule 25 (opt_where -> empty .)
    HAVING          reduce using rule 25 (opt_where -> empty .)
    ORDER           reduce using rule 25 (opt_where -> empty .)


state 56

    (7) select_statement -> SELECT select_opts select_list FROM table_list . opt_where opt_group opt_having opt_order
    (12) table_list -> table_list . COMMA table_reference
    (24) opt_where -> . WHERE expression
    (25) opt_where -> . empty
    (66) empty -> .

    COMMA           shift and go to state 83
    WHERE           shift and go to state 54
    GROUP           reduce using rule 66 (empty -> .)
    HAVING          reduce using rule 66 (empty -> .)
    ORDER           reduce using rule 66 (empty -> .)
    SEMICOLON       reduce using rule 66 (empty -> .)

    opt_where                      shift and go to state 82
    empty                          shift and go to state 55

state 57

    (13) table_list -> table_reference .

    COMMA           reduce using rule 13 (table_list -> table_reference .)
    WHERE           reduce using rule 13 (table_list -> table_reference .)
    GROUP           reduce using rule 13 (table_list -> table_reference .)
    HAVING          reduce using rule 13 (table_list -> table_reference .)
    ORDER           reduce using rule 13 (table_list -> table_reference .)
    SEMICOLON       reduce using rule 13 (table_list -> table_reference .)


state 58

    (14) table_reference -> IDENTIFIER . opt_alias opt_join
    (15) opt_alias -> . IDENTIFIER
    (16) opt_alias -> . empty
    (66) empty -> .

    IDENTIFIER      shift and go to state 84
    INNER           reduce using rule 66 (empty -> .)
    LEFT            reduce using rule 66 (empty -> .)
    RIGHT           reduce using rule 66 (empty -> .)
    OUTER           reduce using rule 66 (empty -> .)
    COMMA           reduce using rule 66 (empty -> .)
    WHERE           reduce using rule 66 (empty -> .)
    GROUP           reduce using rule 66 (empty -> .)
    HAVING          reduce using rule 66 (empty -> .)
    ORDER           reduce using rule 66 (empty -> .)
    SEMICOLON       reduce using rule 66 (empty -> .)
    ON              reduce using rule 66 (empty -> .)

    opt_alias                      shift and go to state 85
    empty                          shift and go to state 86

state 59

    (10) select_list -> select_list COMMA expression .
    (40) expression -> expression . PLUS expression
    (41) expression -> expression . MINUS expression
    (42) expression -> expression . TIMES expression
    (43) expression -> expression . DIVIDE expression
    (44) expression -> expression . EQ expression
    (45) expression -> expression . NEQ expression
    (46) expression -> expression . LT expression
    (47) expression -> expression . LE expression
    (48) expression -> expression . GT expression
    (49) expression -> expression . GE expression
    (50) expression -> expression . AND expression
    (51) expression -> expression . OR expression

    FROM            reduce using rule 10 (select_list -> select_list COMMA expression .)
    COMMA           reduce using rule 10 (select_list -> select_list COMMA expression .)
    PLUS            shift and go to state 33
    MINUS           shift and go to state 34
    TIMES           shift and go to state 35
    DIVIDE          shift and go to state 36
    EQ              shift and go to state 37
    NEQ             shift and go to state 38
    LT              shift and go to state 39
    LE              shift and go to state 40
    GT              shift and go to state 41
    GE              shift and go to state 42
    AND             shift and go to state 43
    OR              shift and go to state 44


state 60

    (40) expression -> expression PLUS expression .
    (40) expression -> expression . PLUS expression
    (41) expression -> expression . MINUS expression
    (42) expression -> expression . TIMES expression
    (43) expression -> expression . DIVIDE expression
    (44) expression -> expression . EQ expression
    (45) expression -> expression . NEQ expression
    (46) expression -> expression . LT expression
    (47) expression -> expression . LE expression
    (48) expression -> expression . GT expression
    (49) expression -> expression . GE expression
    (50) expression -> expression . AND expression
    (51) expression -> expression . OR expression

    PLUS            reduce using rule 40 (expression -> expression PLUS expression .)
    MINUS           reduce using rule 40 (expression -> expression PLUS expression .)
    EQ              reduce using rule 40 (expression -> expression PLUS expression .)
    NEQ             reduce using rule 40 (expression -> expression PLUS expression .)
    LT              reduce using rule 40 (expression -> expression PLUS expression .)
    LE              reduce using rule 40 (expression -> expression PLUS expression .)
    GT              reduce using rule 40 (expression -> expression PLUS expression .)
    GE              reduce using rule 40 (expression -> expression PLUS expression .)
    AND             reduce using rule 40 (expression -> expression PLUS expression .)
    OR              reduce using rule 40 (expression -> expression PLUS expression .)
    FROM            reduce using rule 40 (expression -> expression PLUS expression .)
    COMMA           reduce using rule 40 (expression -> expression PLUS expression .)
    RPAREN          reduce using rule 40 (expression -> expression PLUS expression .)
    THEN            reduce using rule 40 (expression -> expression PLUS expression .)
    SEMICOLON       reduce using rule 40 (expression -> expression PLUS expression .)
    GROUP           reduce using rule 40 (expression -> expression PLUS expression .)
    HAVING          reduce using rule 40 (expression -> expression PLUS expression .)
    ORDER           reduce using rule 40 (expression -> expression PLUS expression .)
    END             reduce using rule 40 (expression -> expression PLUS expression .)
    WHERE           reduce using rule 40 (expression -> expression PLUS expression .)
    ELSE            reduce using rule 40 (expression -> expression PLUS expression .)
    WHEN            reduce using rule 40 (expression -> expression PLUS expression .)
    ASC             reduce using rule 40 (expression -> expression PLUS expression .)
    DESC            reduce using rule 40 (expression -> expression PLUS expression .)
    ON              reduce using rule 40 (expression -> expression PLUS expression .)
    TIMES           shift and go to state 35
    DIVIDE          shift and go to state 36

  ! TIMES           [ reduce using rule 40 (expression -> expression PLUS expression .) ]
  ! DIVIDE          [ reduce using rule 40 (expression -> expression PLUS expression .) ]
  ! PLUS            [ shift and go to state 33 ]
  ! MINUS           [ shift and go to state 34 ]
  ! EQ              [ shift and go to state 37 ]
  ! NEQ             [ shift and go to state 38 ]
  ! LT              [ shift and go to state 39 ]
  ! LE              [ shift and go to state 40 ]
  ! GT              [ shift and go to state 41 ]
  ! GE              [ shift and go to state 42 ]
  ! AND             [ shift and go to state 43 ]
  ! OR              [ shift and go to state 44 ]


state 61

    (41) expression -> expression MINUS expression .
    (40) expression -> expression . PLUS expression
    (41) expression -> expression . MINUS expression
    (42) expression -> expression . TIMES expression
    (43) expression -> expression . DIVIDE expression
    (44) expression -> expression . EQ expression
    (45) expression -> expression . NEQ expression
    (46) expression -> expression . LT expression
    (47) expression -> expression . LE expression
    (48) expression -> expression . GT expression
    (49) expression -> expression . GE expression
    (50) expression -> expression . AND expression
    (51) expression -> expression . OR expression

    PLUS            reduce using rule 41 (expression -> expression MINUS expression .)
    MINUS           reduce using rule 41 (expression -> expression MINUS expression .)
    EQ              reduce using rule 41 (expression -> expression MINUS expression .)
    NEQ             reduce using rule 41 (expression -> expression MINUS expression .)
    LT              reduce using rule 41 (expression -> expression MINUS expression .)
    LE              reduce using rule 41 (expression -> expression MINUS expression .)
    GT              reduce using rule 41 (expression -> expression MINUS expression .)
    GE              reduce using rule 41 (expression -> expression MINUS expression .)
    AND             reduce using rule 41 (expression -> expression MINUS expression .)
    OR              reduce using rule 41 (expression -> expression MINUS expression .)
    FROM            reduce using rule 41 (expression -> expression MINUS expression .)
    COMMA           reduce using rule 41 (expression -> expression MINUS expression .)
    RPAREN          reduce using rule 41 (expression -> expression MINUS expression .)
    THEN            reduce using rule 41 (expression -> expression MINUS expression .)
    SEMICOLON       reduce using rule 41 (expression -> expression MINUS expression .)
    GROUP           reduce using rule 41 (expression -> expression MINUS expression .)
    HAVING          reduce using rule 41 (expression -> expression MINUS expression .)
    ORDER           reduce using rule 41 (expression -> expression MINUS expression .)
    END             reduce using rule 41 (expression -> expression MINUS expression .)
    WHERE           reduce using rule 41 (expression -> expression MINUS expression .)
    ELSE            reduce using rule 41 (expression -> expression MINUS expression .)
    WHEN            reduce using rule 41 (expression -> expression MINUS expression .)
    ASC             reduce using rule 41 (expression -> expression MINUS expression .)
    DESC            reduce using rule 41 (expression -> expression MINUS expression .)
    ON              reduce using rule 41 (expression -> expression MINUS expression .)
    TIMES           shift and go to state 35
    DIVIDE          shift and go to state 36

  ! TIMES           [ reduce using rule 41 (expression -> expression MINUS expression .) ]
  ! DIVIDE          [ reduce using rule 41 (expression -> expression MINUS expression .) ]
  ! PLUS            [ shift and go to state 33 ]
  ! MINUS           [ shift and go to state 34 ]
  ! EQ              [ shift and go to state 37 ]
  ! NEQ             [ shift and go to state 38 ]
  ! LT              [ shift and go to state 39 ]
  ! LE              [ shift and go to state 40 ]
  ! GT              [ shift and go to state 41 ]
  ! GE              [ shift and go to state 42 ]
  ! AND             [ shift and go to state 43 ]
  ! OR              [ shift and go to state 44 ]


state 62

    (42) expression -> expression TIMES expression .
    (40) expression -> expression . PLUS expression
    (41) expression -> expression . MINUS expression
    (42) expression -> expression . TIMES expression
    (43) expression -> expression . DIVIDE expression
    (44) expression -> expression . EQ expression
    (45) expression -> expression . NEQ expression
    (46) expression -> expression . LT expression
    (47) expression -> expression . LE expression
    (48) expression -> expression . GT expression
    (49) expression -> expression . GE expression
    (50) expression -> expression . AND expression
    (51) expression -> expression . OR expression

    PLUS            reduce using rule 42 (expression -> expression TIMES expression .)
    MINUS           reduce using rule 42 (expression -> expression TIMES expression .)
    TIMES           reduce using rule 42 (expression -> expression TIMES expression .)
    DIVIDE          reduce using rule 42 (expression -> expression TIMES expression .)
    EQ              reduce using rule 42 (expression -> expression TIMES expression .)
    NEQ             reduce using rule 42 (expression -> expression TIMES expression .)
    LT              reduce using rule 42 (expression -> expression TIMES expression .)
    LE              reduce using rule 42 (expression -> expression TIMES expression .)
    GT              reduce using rule 42 (expression -> expression TIMES expression .)
    GE              reduce using rule 42 (expression -> expression TIMES expression .)
    AND             reduce using rule 42 (expression -> expression TIMES expression .)
    OR              reduce using rule 42 (expression -> expression TIMES expression .)
    FROM            reduce using rule 42 (expression -> expression TIMES expression .)
    COMMA           reduce using rule 42 (expression -> expression TIMES expression .)
    RPAREN          reduce using rule 42 (expression -> expression TIMES expression .)
    THEN            reduce using rule 42 (expression -> expression TIMES expression .)
    SEMICOLON       reduce using rule 42 (expression -> expression TIMES expression .)
    GROUP           reduce using rule 42 (expression -> expression TIMES expression .)
    HAVING          reduce using rule 42 (expression -> expression TIMES expression .)
    ORDER           reduce using rule 42 (expression -> expression TIMES expression .)
    END             reduce using rule 42 (expression -> expression TIMES expression .)
    WHERE           reduce using rule 42 (expression -> expression TIMES expression .)
    ELSE            reduce using rule 42 (expression -> expression TIMES expression .)
    WHEN            reduce using rule 42 (expression -> expression TIMES expression .)
    ASC             reduce using rule 42 (expression -> expression TIMES expression .)
    DESC            reduce using rule 42 (expression -> expression TIMES expression .)
    ON              reduce using rule 42 (expression -> expression TIMES expression .)

  ! PLUS            [ shift and go to state 33 ]
  ! MINUS           [ shift and go to state 34 ]
  ! TIMES           [ shift and go to state 35 ]
  ! DIVIDE          [ shift and go to state 36 ]
  ! EQ              [ shift and go to state 37 ]
  ! NEQ             [ shift and go to state 38 ]
  ! LT              [ shift and go to state 39 ]
  ! LE              [ shift and go to state 40 ]
  ! GT              [ shift and go to state 41 ]
  ! GE              [ shift and go to state 42 ]
  ! AND             [ shift and go to state 43 ]
  ! OR              [ shift and go to state 44 ]


state 63

    (43) expression -> expression DIVIDE expression .
    (40) expression -> expression . PLUS expression
    (41) expression -> expression . MINUS expression
    (42) expression -> expression . TIMES expression
    (43) expression -> expression . DIVIDE expression
    (44) expression -> expression . EQ expression
    (45) expression -> expression . NEQ expression
    (46) expression -> expression . LT expression
    (47) expression -> expression . LE expression
    (48) expression -> expression . GT expression
    (49) expression -> expression . GE expression
    (50) expression -> expression . AND expression
    (51) expression -> expression . OR expression

    PLUS            reduce using rule 43 (expression -> expression DIVIDE expression .)
    MINUS           reduce using rule 43 (expression -> expression DIVIDE expression .)
    TIMES           reduce using rule 43 (expression -> expression DIVIDE expression .)
    DIVIDE          reduce using rule 43 (expression -> expression DIVIDE expression .)
    EQ              reduce using rule 43 (expression -> expression DIVIDE expression .)
    NEQ             reduce using rule 43 (expression -> expression DIVIDE expression .)
    LT              reduce using rule 43 (expression -> expression DIVIDE expression .)
    LE              reduce using rule 43 (expression -> expression DIVIDE expression .)
    GT              reduce using rule 43 (expression -> expression DIVIDE expression .)
    GE              reduce using rule 43 (expression -> expression DIVIDE expression .)
    AND             reduce using rule 43 (expression -> expression DIVIDE expression .)
    OR              reduce using rule 43 (expression -> expression DIVIDE expression .)
    FROM            reduce using rule 43 (expression -> expression DIVIDE expression .)
    COMMA           reduce using rule 43 (expression -> expression DIVIDE expression .)
    RPAREN          reduce using rule 43 (expression -> expression DIVIDE expression .)
    THEN            reduce using rule 43 (expression -> expression DIVIDE expression .)
    SEMICOLON       reduce using rule 43 (expression -> expression DIVIDE expression .)
    GROUP           reduce using rule 43 (expression -> expression DIVIDE expression .)
    HAVING          reduce using rule 43 (expression -> expression DIVIDE expression .)
    ORDER           reduce using rule 43 (expression -> expression DIVIDE expression .)
    END             reduce using rule 43 (expression -> expression DIVIDE expression .)
    WHERE           reduce using rule 43 (expression -> expression DIVIDE expression .)
    ELSE            reduce using rule 43 (expression -> expression DIVIDE expression .)
    WHEN            reduce using rule 43 (expression -> expression DIVIDE expression .)
    ASC             reduce using rule 43 (expression -> expression DIVIDE expression .)
    DESC            reduce using rule 43 (expression -> expression DIVIDE expression .)
    ON              reduce using rule 43 (expression -> expression DIVIDE expression .)

  ! PLUS            [ shift and go to state 33 ]
  ! MINUS           [ shift and go to state 34 ]
  ! TIMES           [ shift and go to state 35 ]
  ! DIVIDE          [ shift and go to state 36 ]
  ! EQ              [ shift and go to state 37 ]
  ! NEQ             [ shift and go to state 38 ]
  ! LT              [ shift and go to state 39 ]
  ! LE              [ shift and go to state 40 ]
  ! GT              [ shift and go to state 41 ]
  ! GE              [ shift and go to state 42 ]
  ! AND             [ shift and go to state 43 ]
  ! OR              [ shift and go to state 44 ]


state 64

    (44) expression -> expression EQ expression .
    (40) expression -> expression . PLUS expression
    (41) expression -> expression . MINUS expression
    (42) expression -> expression . TIMES expression
    (43) expression -> expression . DIVIDE expression
    (44) expression -> expression . EQ expression
    (45) expression -> expression . NEQ expression
    (46) expression -> expression . LT expression
    (47) expression -> expression . LE expression
    (48) expression -> expression . GT expression
    (49) expression -> expression . GE expression
    (50) expression -> expression . AND expression
    (51) expression -> expression . OR expression

    EQ              reduce using rule 44 (expression -> expression EQ expression .)
    NEQ             reduce using rule 44 (expression -> expression EQ expression .)
    LT              reduce using rule 44 (expression -> expression EQ expression .)
    LE              reduce using rule 44 (expression -> expression EQ expression .)
    GT              reduce using rule 44 (expression -> expression EQ expression .)
    GE              reduce using rule 44 (expression -> expression EQ expression .)
    AND             reduce using rule 44 (expression -> expression EQ expression .)
    OR              reduce using rule 44 (expression -> expression EQ expression .)
    FROM            reduce using rule 44 (expression -> expression EQ expression .)
    COMMA           reduce using rule 44 (expression -> expression EQ expression .)
    RPAREN          reduce using rule 44 (expression -> expression EQ expression .)
    THEN            reduce using rule 44 (expression -> expression EQ expression .)
    SEMICOLON       reduce using rule 44 (expression -> expression EQ expression .)
    GROUP           reduce using rule 44 (expression -> expression EQ expression .)
    HAVING          reduce using rule 44 (expression -> expression EQ expression .)
    ORDER           reduce using rule 44 (expression -> expression EQ expression .)
    END             reduce using rule 44 (expression -> expression EQ expression .)
    WHERE           reduce using rule 44 (expression -> expression EQ expression .)
    ELSE            reduce using rule 44 (expression -> expression EQ expression .)
    WHEN            reduce using rule 44 (expression -> expression EQ expression .)
    ASC             reduce using rule 44 (expression -> expression EQ expression .)
    DESC            reduce using rule 44 (expression -> expression EQ expression .)
    ON              reduce using rule 44 (expression -> expression EQ expression .)
    PLUS            shift and go to state 33
    MINUS           shift and go to state 34
    TIMES           shift and go to state 35
    DIVIDE          shift and go to state 36

  ! PLUS            [ reduce using rule 44 (expression -> expression EQ expression .) ]
  ! MINUS           [ reduce using rule 44 (expression -> expression EQ expression .) ]
  ! TIMES           [ reduce using rule 44 (expression -> expression EQ expression .) ]
  ! DIVIDE          [ reduce using rule 44 (expression -> expression EQ expression .) ]
  ! EQ              [ shift and go to state 37 ]
  ! NEQ             [ shift and go to state 38 ]
  ! LT              [ shift and go to state 39 ]
  ! LE              [ shift and go to state 40 ]
  ! GT              [ shift and go to state 41 ]
  ! GE              [ shift and go to state 42 ]
  ! AND             [ shift and go to state 43 ]
  ! OR              [ shift and go to state 44 ]


state 65

    (45) expression -> expression NEQ expression .
    (40) expression -> expression . PLUS expression
    (41) expression -> expression . MINUS expression
    (42) expression -> expression . TIMES expression
    (43) expression -> expression . DIVIDE expression
    (44) expression -> expression . EQ expression
    (45) expression -> expression . NEQ expression
    (46) expression -> expression . LT expression
    (47) expression -> expression . LE expression
    (48) expression -> expression . GT expression
    (49) expression -> expression . GE expression
    (50) expression -> expression . AND expression
    (51) expression -> expression . OR expression

    EQ              reduce using rule 45 (expression -> expression NEQ expression .)
    NEQ             reduce using rule 45 (expression -> expression NEQ expression .)
    LT              reduce using rule 45 (expression -> expression NEQ expression .)
    LE              reduce using rule 45 (expression -> expression NEQ expression .)
    GT              reduce using rule 45 (expression -> expression NEQ expression .)
    GE              reduce using rule 45 (expression -> expression NEQ expression .)
    AND             reduce using rule 45 (expression -> expression NEQ expression .)
    OR              reduce using rule 45 (expression -> expression NEQ expression .)
    FROM            reduce using rule 45 (expression -> expression NEQ expression .)
    COMMA           reduce using rule 45 (expression -> expression NEQ expression .)
    RPAREN          reduce using rule 45 (expression -> expression NEQ expression .)
    THEN            reduce using rule 45 (expression -> expression NEQ expression .)
    SEMICOLON       reduce using rule 45 (expression -> expression NEQ expression .)
    GROUP           reduce using rule 45 (expression -> expression NEQ expression .)
    HAVING          reduce using rule 45 (expression -> expression NEQ expression .)
    ORDER           reduce using rule 45 (expression -> expression NEQ expression .)
    END             reduce using rule 45 (expression -> expression NEQ expression .)
    WHERE           reduce using rule 45 (expression -> expression NEQ expression .)
    ELSE            reduce using rule 45 (expression -> expression NEQ expression .)
    WHEN            reduce using rule 45 (expression -> expression NEQ expression .)
    ASC             reduce using rule 45 (expression -> expression NEQ expression .)
    DESC            reduce using rule 45 (expression -> expression NEQ expression .)
    ON              reduce using rule 45 (expression -> expression NEQ expression .)
    PLUS            shift and go to state 33
    MINUS           shift and go to state 34
    TIMES           shift and go to state 35
    DIVIDE          shift and go to state 36

  ! PLUS            [ reduce using rule 45 (expression -> expression NEQ expression .) ]
  ! MINUS           [ reduce using rule 45 (expression -> expression NEQ expression .) ]
  ! TIMES           [ reduce using rule 45 (expression -> expression NEQ expression .) ]
  ! DIVIDE          [ reduce using rule 45 (expression -> expression NEQ expression .) ]
  ! EQ              [ shift and go to state 37 ]
  ! NEQ             [ shift and go to state 38 ]
  ! LT              [ shift and go to state 39 ]
  ! LE              [ shift and go to state 40 ]
  ! GT              [ shift and go to state 41 ]
  ! GE              [ shift and go to state 42 ]
  ! AND             [ shift and go to state 43 ]
  ! OR              [ shift and go to state 44 ]


state 66

    (46) expression -> expression LT expression .
    (40) expression -> expression . PLUS expression
    (41) expression -> expression . MINUS expression
    (42) expression -> expression . TIMES expression
    (43) expression -> expression . DIVIDE expression
    (44) expression -> expression . EQ expression
    (45) expression -> expression . NEQ expression
    (46) expression -> expression . LT expression
    (47) expression -> expression . LE expression
    (48) expression -> expression . GT expression
    (49) expression -> expression . GE expression
    (50) expression -> expression . AND expression
    (51) expression -> expression . OR expression

    EQ              reduce using rule 46 (expression -> expression LT expression .)
    NEQ             reduce using rule 46 (expression -> expression LT expression .)
    LT              reduce using rule 46 (expression -> expression LT expression .)
    LE              reduce using rule 46 (expression -> expression LT expression .)
    GT              reduce using rule 46 (expression -> expression LT expression .)
    GE              reduce using rule 46 (expression -> expression LT expression .)
    AND             reduce using rule 46 (expression -> expression LT expression .)
    OR              reduce using rule 46 (expression -> expression LT expression .)
    FROM            reduce using rule 46 (expression -> expression LT expression .)
    COMMA           reduce using rule 46 (expression -> expression LT expression .)
    RPAREN          reduce using rule 46 (expression -> expression LT expression .)
    THEN            reduce using rule 46 (expression -> expression LT expression .)
    SEMICOLON       reduce using rule 46 (expression -> expression LT expression .)
    GROUP           reduce using rule 46 (expression -> expression LT expression .)
    HAVING          reduce using rule 46 (expression -> expression LT expression .)
    ORDER           reduce using rule 46 (expression -> expression LT expression .)
    END             reduce using rule 46 (expression -> expression LT expression .)
    WHERE           reduce using rule 46 (expression -> expression LT expression .)
    ELSE            reduce using rule 46 (expression -> expression LT expression .)
    WHEN            reduce using rule 46 (expression -> expression LT expression .)
    ASC             reduce using rule 46 (expression -> expression LT expression .)
    DESC            reduce using rule 46 (expression -> expression LT expression .)
    ON              reduce using rule 46 (expression -> expression LT expression .)
    PLUS            shift and go to state 33
    MINUS           shift and go to state 34
    TIMES           shift and go to state 35
    DIVIDE          shift and go to state 36

  ! PLUS            [ reduce using rule 46 (expression -> expression LT expression .) ]
  ! MINUS           [ reduce using rule 46 (expression -> expression LT expression .) ]
  ! TIMES           [ reduce using rule 46 (expression -> expression LT expression .) ]
  ! DIVIDE          [ reduce using rule 46 (expression -> expression LT expression .) ]
  ! EQ              [ shift and go to state 37 ]
  ! NEQ             [ shift and go to state 38 ]
  ! LT              [ shift and go to state 39 ]
  ! LE              [ shift and go to state 40 ]
  ! GT              [ shift and go to state 41 ]
  ! GE              [ shift and go to state 42 ]
  ! AND             [ shift and go to state 43 ]
  ! OR              [ shift and go to state 44 ]


state 67

    (47) expression -> expression LE expression .
    (40) expression -> expression . PLUS expression
    (41) expression -> expression . MINUS expression
    (42) expression -> expression . TIMES expression
    (43) expression -> expression . DIVIDE expression
    (44) expression -> expression . EQ expression
    (45) expression -> expression . NEQ expression
    (46) expression -> expression . LT expression
    (47) expression -> expression . LE expression
    (48) expression -> expression . GT expression
    (49) expression -> expression . GE expression
    (50) expression -> expression . AND expression
    (51) expression -> expression . OR expression

    EQ              reduce using rule 47 (expression -> expression LE expression .)
    NEQ             reduce using rule 47 (expression -> expression LE expression .)
    LT              reduce using rule 47 (expression -> expression LE expression .)
    LE              reduce using rule 47 (expression -> expression LE expression .)
    GT              reduce using rule 47 (expression -> expression LE expression .)
    GE              reduce using rule 47 (expression -> expression LE expression .)
    AND             reduce using rule 47 (expression -> expression LE expression .)
    OR              reduce using rule 47 (expression -> expression LE expression .)
    FROM            reduce using rule 47 (expression -> expression LE expression .)
    COMMA           reduce using rule 47 (expression -> expression LE expression .)
    RPAREN          reduce using rule 47 (expression -> expression LE expression .)
    THEN            reduce using rule 47 (expression -> expression LE expression .)
    SEMICOLON       reduce using rule 47 (expression -> expression LE expression .)
    GROUP           reduce using rule 47 (expression -> expression LE expression .)
    HAVING          reduce using rule 47 (expression -> expression LE expression .)
    ORDER           reduce using rule 47 (expression -> expression LE expression .)
    END             reduce using rule 47 (expression -> expression LE expression .)
    WHERE           reduce using rule 47 (expression -> expression LE expression .)
    ELSE            reduce using rule 47 (expression -> expression LE expression .)
    WHEN            reduce using rule 47 (expression -> expression LE expression .)
    ASC             reduce using rule 47 (expression -> expression LE expression .)
    DESC            reduce using rule 47 (expression -> expression LE expression .)
    ON              reduce using rule 47 (expression -> expression LE expression .)
    PLUS            shift and go to state 33
    MINUS           shift and go to state 34
    TIMES           shift and go to state 35
    DIVIDE          shift and go to state 36

  ! PLUS            [ reduce using rule 47 (expression -> expression LE expression .) ]
  ! MINUS           [ reduce using rule 47 (expression -> expression LE expression .) ]
  ! TIMES           [ reduce using rule 47 (expression -> expression LE expression .) ]
  ! DIVIDE          [ reduce using rule 47 (expression -> expression LE expression .) ]
  ! EQ              [ shift and go to state 37 ]
  ! NEQ             [ shift and go to state 38 ]
  ! LT              [ shift and go to state 39 ]
  ! LE              [ shift and go to state 40 ]
  ! GT              [ shift and go to state 41 ]
  ! GE              [ shift and go to state 42 ]
  ! AND             [ shift and go to state 43 ]
  ! OR              [ shift and go to state 44 ]


state 68

    (48) expression -> expression GT expression .
    (40) expression -> expression . PLUS expression
    (41) expression -> expression . MINUS expression
    (42) expression -> expression . TIMES expression
    (43) expression -> expression . DIVIDE expression
    (44) expression -> expression . EQ expression
    (45) expression -> expression . NEQ expression
    (46) expression -> expression . LT expression
    (47) expression -> expression . LE expression
    (48) expression -> expression . GT expression
    (49) expression -> expression . GE expression
    (50) expression -> expression . AND expression
    (51) expression -> expression . OR expression

    EQ              reduce using rule 48 (expression -> expression GT expression .)
    NEQ             reduce using rule 48 (expression -> expression GT expression .)
    LT              reduce using rule 48 (expression -> expression GT expression .)
    LE              reduce using rule 48 (expression -> expression GT expression .)
    GT              reduce using rule 48 (expression -> expression GT expression .)
    GE              reduce using rule 48 (expression -> expression GT expression .)
    AND             reduce using rule 48 (expression -> expression GT expression .)
    OR              reduce using rule 48 (expression -> expression GT expression .)
    FROM            reduce using rule 48 (expression -> expression GT expression .)
    COMMA           reduce using rule 48 (expression -> expression GT expression .)
    RPAREN          reduce using rule 48 (expression -> expression GT expression .)
    THEN            reduce using rule 48 (expression -> expression GT expression .)
    SEMICOLON       reduce using rule 48 (expression -> expression GT expression .)
    GROUP           reduce using rule 48 (expression -> expression GT expression .)
    HAVING          reduce using rule 48 (expression -> expression GT expression .)
    ORDER           reduce using rule 48 (expression -> expression GT expression .)
    END             reduce using rule 48 (expression -> expression GT expression .)
    WHERE           reduce using rule 48 (expression -> expression GT expression .)
    ELSE            reduce using rule 48 (expression -> expression GT expression .)
    WHEN            reduce using rule 48 (expression -> expression GT expression .)
    ASC             reduce using rule 48 (expression -> expression GT expression .)
    DESC            reduce using rule 48 (expression -> expression GT expression .)
    ON              reduce using rule 48 (expression -> expression GT expression .)
    PLUS            shift and go to state 33
    MINUS           shift and go to state 34
    TIMES           shift and go to state 35
    DIVIDE          shift and go to state 36

  ! PLUS            [ reduce using rule 48 (expression -> expression GT expression .) ]
  ! MINUS           [ reduce using rule 48 (expression -> expression GT expression .) ]
  ! TIMES           [ reduce using rule 48 (expression -> expression GT expression .) ]
  ! DIVIDE          [ reduce using rule 48 (expression -> expression GT expression .) ]
  ! EQ              [ shift and go to state 37 ]
  ! NEQ             [ shift and go to state 38 ]
  ! LT              [ shift and go to state 39 ]
  ! LE              [ shift and go to state 40 ]
  ! GT              [ shift and go to state 41 ]
  ! GE              [ shift and go to state 42 ]
  ! AND             [ shift and go to state 43 ]
  ! OR              [ shift and go to state 44 ]


state 69

    (49) expression -> expression GE expression .
    (40) expression -> expression . PLUS expression
    (41) expression -> expression . MINUS expression
    (42) expression -> expression . TIMES expression
    (43) expression -> expression . DIVIDE expression
    (44) expression -> expression . EQ expression
    (45) expression -> expression . NEQ expression
    (46) expression -> expression . LT expression
    (47) expression -> expression . LE expression
    (48) expression -> expression . GT expression
    (49) expression -> expression . GE expression
    (50) expression -> expression . AND expression
    (51) expression -> expression . OR expression

    EQ              reduce using rule 49 (expression -> expression GE expression .)
    NEQ             reduce using rule 49 (expression -> expression GE expression .)
    LT              reduce using rule 49 (expression -> expression GE expression .)
    LE              reduce using rule 49 (expression -> expression GE expression .)
    GT              reduce using rule 49 (expression -> expression GE expression .)
    GE              reduce using rule 49 (expression -> expression GE expression .)
    AND             reduce using rule 49 (expression -> expression GE expression .)
    OR              reduce using rule 49 (expression -> expression GE expression .)
    FROM            reduce using rule 49 (expression -> expression GE expression .)
    COMMA           reduce using rule 49 (expression -> expression GE expression .)
    RPAREN          reduce using rule 49 (expression -> expression GE expression .)
    THEN            reduce using rule 49 (expression -> expression GE expression .)
    SEMICOLON       reduce using rule 49 (expression -> expression GE expression .)
    GROUP           reduce using rule 49 (expression -> expression GE expression .)
    HAVING          reduce using rule 49 (expression -> expression GE expression .)
    ORDER           reduce using rule 49 (expression -> expression GE expression .)
    END             reduce using rule 49 (expression -> expression GE expression .)
    WHERE           reduce using rule 49 (expression -> expression GE expression .)
    ELSE            reduce using rule 49 (expression -> expression GE expression .)
    WHEN            reduce using rule 49 (expression -> expression GE expression .)
    ASC             reduce using rule 49 (expression -> expression GE expression .)
    DESC            reduce using rule 49 (expression -> expression GE expression .)
    ON              reduce using rule 49 (expression -> expression GE expression .)
    PLUS            shift and go to state 33
    MINUS           shift and go to state 34
    TIMES           shift and go to state 35
    DIVIDE          shift and go to state 36

  ! PLUS            [ reduce using rule 49 (expression -> expression GE expression .) ]
  ! MINUS           [ reduce using rule 49 (expression -> expression GE expression .) ]
  ! TIMES           [ reduce using rule 49 (expression -> expression GE expression .) ]
  ! DIVIDE          [ reduce using rule 49 (expression -> expression GE expression .) ]
  ! EQ              [ shift and go to state 37 ]
  ! NEQ             [ shift and go to state 38 ]
  ! LT              [ shift and go to state 39 ]
  ! LE              [ shift and go to state 40 ]
  ! GT              [ shift and go to state 41 ]
  ! GE              [ shift and go to state 42 ]
  ! AND             [ shift and go to state 43 ]
  ! OR              [ shift and go to state 44 ]


state 70

    (50) expression -> expression AND expression .
    (40) expression -> expression . PLUS expression
    (41) expression -> expression . MINUS expression
    (42) expression -> expression . TIMES expression
    (43) expression -> expression . DIVIDE expression
    (44) expression -> expression . EQ expression
    (45) expression -> expression . NEQ expression
    (46) expression -> expression . LT expression
    (47) expression -> expression . LE expression
    (48) expression -> expression . GT expression
    (49) expression -> expression . GE expression
    (50) expression -> expression . AND expression
    (51) expression -> expression . OR expression

    AND             reduce using rule 50 (expression -> expression AND expression .)
    OR              reduce using rule 50 (expression -> expression AND expression .)
    FROM            reduce using rule 50 (expression -> expression AND expression .)
    COMMA           reduce using rule 50 (expression -> expression AND expression .)
    RPAREN          reduce using rule 50 (expression -> expression AND expression .)
    THEN            reduce using rule 50 (expression -> expression AND expression .)
    SEMICOLON       reduce using rule 50 (expression -> expression AND expression .)
    GROUP           reduce using rule 50 (expression -> expression AND expression .)
    HAVING          reduce using rule 50 (expression -> expression AND expression .)
    ORDER           reduce using rule 50 (expression -> expression AND expression .)
    END             reduce using rule 50 (expression -> expression AND expression .)
    WHERE           reduce using rule 50 (expression -> expression AND expression .)
    ELSE            reduce using rule 50 (expression -> expression AND expression .)
    WHEN            reduce using rule 50 (expression -> expression AND expression .)
    ASC             reduce using rule 50 (expression -> expression AND expression .)
    DESC            reduce using rule 50 (expression -> expression AND expression .)
    ON              reduce using rule 50 (expression -> expression AND expression .)
    PLUS            shift and go to state 33
    MINUS           shift and go to state 34
    TIMES           shift and go to state 35
    DIVIDE          shift and go to state 36
    EQ              shift and go to state 37
    NEQ             shift and go to state 38
    LT              shift and go to state 39
    LE              shift and go to state 40
    GT              shift and go to state 41
    GE              shift and go to state 42

  ! PLUS            [ reduce using rule 50 (expression -> expression AND expression .) ]
  ! MINUS           [ reduce using rule 50 (expression -> expression AND expression .) ]
  ! TIMES           [ reduce using rule 50 (expression -> expression AND expression .) ]
  ! DIVIDE          [ reduce using rule 50 (expression -> expression AND expression .) ]
  ! EQ              [ reduce using rule 50 (expression -> expression AND expression .) ]
  ! NEQ             [ reduce using rule 50 (expression -> expression AND expression .) ]
  ! LT              [ reduce using rule 50 (expression -> expression AND expression .) ]
  ! LE              [ reduce using rule 50 (expression -> expression AND expression .) ]
  ! GT              [ reduce using rule 50 (expression -> expression AND expression .) ]
  ! GE              [ reduce using rule 50 (expression -> expression AND expression .) ]
  ! AND             [ shift and go to state 43 ]
  ! OR              [ shift and go to state 44 ]


state 71

    (51) expression -> expression OR expression .
    (40) expression -> expression . PLUS expression
    (41) expression -> expression . MINUS expression
    (42) expression -> expression . TIMES expression
    (43) expression -> expression . DIVIDE expression
    (44) expression -> expression . EQ expression
    (45) expression -> expression . NEQ expression
    (46) expression -> expression . LT expression
    (47) expression -> expression . LE expression
    (48) expression -> expression . GT expression
    (49) expression -> expression . GE expression
    (50) expression -> expression . AND expression
    (51) expression -> expression . OR expression

    OR              reduce using rule 51 (expression -> expression OR expression .)
    FROM            reduce using rule 51 (expression -> expression OR expression .)
    COMMA           reduce using rule 51 (expression -> expression OR expression .)
    RPAREN          reduce using rule 51 (expression -> expression OR expression .)
    THEN            reduce using rule 51 (expression -> expression OR expression .)
    SEMICOLON       reduce using rule 51 (expression -> expression OR expression .)
    GROUP           reduce using rule 51 (expression -> expression OR expression .)
    HAVING          reduce using rule 51 (expression -> expression OR expression .)
    ORDER           reduce using rule 51 (expression -> expression OR expression .)
    END             reduce using rule 51 (expression -> expression OR expression .)
    WHERE           reduce using rule 51 (expression -> expression OR expression .)
    ELSE            reduce using rule 51 (expression -> expression OR expression .)
    WHEN            reduce using rule 51 (expression -> expression OR expression .)
    ASC             reduce using rule 51 (expression -> expression OR expression .)
    DESC            reduce using rule 51 (expression -> expression OR expression .)
    ON              reduce using rule 51 (expression -> expression OR expression .)
    PLUS            shift and go to state 33
    MINUS           shift and go to state 34
    TIMES           shift and go to state 35
    DIVIDE          shift and go to state 36
    EQ              shift and go to state 37
    NEQ             shift and go to state 38
    LT              shift and go to state 39
    LE              shift and go to state 40
    GT              shift and go to state 41
    GE              shift and go to state 42
    AND             shift and go to state 43

  ! PLUS            [ reduce using rule 51 (expression -> expression OR expression .) ]
  ! MINUS           [ reduce using rule 51 (expression -> expression OR expression .) ]
  ! TIMES           [ reduce using rule 51 (expression -> expression OR expression .) ]
  ! DIVIDE          [ reduce using rule 51 (expression -> expression OR expression .) ]
  ! EQ              [ reduce using rule 51 (expression -> expression OR expression .) ]
  ! NEQ             [ reduce using rule 51 (expression -> expression OR expression .) ]
  ! LT              [ reduce using rule 51 (expression -> expression OR expression .) ]
  ! LE              [ reduce using rule 51 (expression -> expression OR expression .) ]
  ! GT              [ reduce using rule 51 (expression -> expression OR expression .) ]
  ! GE              [ reduce using rule 51 (expression -> expression OR expression .) ]
  ! AND             [ reduce using rule 51 (expression -> expression OR expression .) ]
  ! OR              [ shift and go to state 44 ]


state 72

    (53) expression -> LPAREN expression RPAREN .

    PLUS            reduce using rule 53 (expression -> LPAREN expression RPAREN .)
    MINUS           reduce using rule 53 (expression -> LPAREN expression RPAREN .)
    TIMES           reduce using rule 53 (expression -> LPAREN expression RPAREN .)
    DIVIDE          reduce using rule 53 (expression -> LPAREN expression RPAREN .)
    EQ              reduce using rule 53 (expression -> LPAREN expression RPAREN .)
    NEQ             reduce using rule 53 (expression -> LPAREN expression RPAREN .)
    LT              reduce using rule 53 (expression -> LPAREN expression RPAREN .)
    LE              reduce using rule 53 (expression -> LPAREN expression RPAREN .)
    GT              reduce using rule 53 (expression -> LPAREN expression RPAREN .)
    GE              reduce using rule 53 (expression -> LPAREN expression RPAREN .)
    AND             reduce using rule 53 (expression -> LPAREN expression RPAREN .)
    OR              reduce using rule 53 (expression -> LPAREN expression RPAREN .)
    FROM            reduce using rule 53 (expression -> LPAREN expression RPAREN .)
    COMMA           reduce using rule 53 (expression -> LPAREN expression RPAREN .)
    RPAREN          reduce using rule 53 (expression -> LPAREN expression RPAREN .)
    THEN            reduce using rule 53 (expression -> LPAREN expression RPAREN .)
    SEMICOLON       reduce using rule 53 (expression -> LPAREN expression RPAREN .)
    GROUP           reduce using rule 53 (expression -> LPAREN expression RPAREN .)
    HAVING          reduce using rule 53 (expression -> LPAREN expression RPAREN .)
    ORDER           reduce using rule 53 (expression -> LPAREN expression RPAREN .)
    END             reduce using rule 53 (expression -> LPAREN expression RPAREN .)
    WHERE           reduce using rule 53 (expression -> LPAREN expression RPAREN .)
    ELSE            reduce using rule 53 (expression -> LPAREN expression RPAREN .)
    WHEN            reduce using rule 53 (expression -> LPAREN expression RPAREN .)
    ASC             reduce using rule 53 (expression -> LPAREN expression RPAREN .)
    DESC            reduce using rule 53 (expression -> LPAREN expression RPAREN .)
    ON              reduce using rule 53 (expression -> LPAREN expression RPAREN .)


state 73

    (57) expression -> CASE case_list ELSE . expression END
    (40) expression -> . expression PLUS expression
    (41) expression -> . expression MINUS expression
    (42) expression -> . expression TIMES expression
    (43) expression -> . expression DIVIDE expression
    (44) expression -> . expression EQ expression
    (45) expression -> . expression NEQ expression
    (46) expression -> . expression LT expression
    (47) expression -> . expression LE expression
    (48) expression -> . expression GT expression
    (49) expression -> . expression GE expression
    (50) expression -> . expression AND expression
    (51) expression -> . expression OR expression
    (52) expression -> . NOT expression
    (53) expression -> . LPAREN expression RPAREN
    (54) expression -> . NUMBER
    (55) expression -> . STRING
    (56) expression -> . IDENTIFIER
    (57) expression -> . CASE case_list ELSE expression END

    NOT             shift and go to state 22
    LPAREN          shift and go to state 23
    NUMBER          shift and go to state 24
    STRING          shift and go to state 25
    IDENTIFIER      shift and go to state 26
    CASE            shift and go to state 27

    expression                     shift and go to state 87

state 74

    (58) case_list -> case_list WHEN . expression THEN expression
    (40) expression -> . expression PLUS expression
    (41) expression -> . expression MINUS expression
    (42) expression -> . expression TIMES expression
    (43) expression -> . expression DIVIDE expression
    (44) expression -> . expression EQ expression
    (45) expression -> . expression NEQ expression
    (46) expression -> . expression LT expression
    (47) expression -> . expression LE expression
    (48) expression -> . expression GT expression
    (49) expression -> . expression GE expression
    (50) expression -> . expression AND expression
    (51) expression -> . expression OR expression
    (52) expression -> . NOT expression
    (53) expression -> . LPAREN expression RPAREN
    (54) expression -> . NUMBER
    (55) expression -> . STRING
    (56) expression -> . IDENTIFIER
    (57) expression -> . CASE case_list ELSE expression END

    NOT             shift and go to state 22
    LPAREN          shift and go to state 23
    NUMBER          shift and go to state 24
    STRING          shift and go to state 25
    IDENTIFIER      shift and go to state 26
    CASE            shift and go to state 27

    expression                     shift and go to state 88

state 75

    (59) case_list -> WHEN expression . THEN expression
    (40) expression -> expression . PLUS expression
    (41) expression -> expression . MINUS expression
    (42) expression -> expression . TIMES expression
    (43) expression -> expression . DIVIDE expression
    (44) expression -> expression . EQ expression
    (45) expression -> expression . NEQ expression
    (46) expression -> expression . LT expression
    (47) expression -> expression . LE expression
    (48) expression -> expression . GT expression
    (49) expression -> expression . GE expression
    (50) expression -> expression . AND expression
    (51) expression -> expression . OR expression

    THEN            shift and go to state 89
    PLUS            shift and go to state 33
    MINUS           shift and go to state 34
    TIMES           shift and go to state 35
    DIVIDE          shift and go to state 36
    EQ              shift and go to state 37
    NEQ             shift and go to state 38
    LT              shift and go to state 39
    LE              shift and go to state 40
    GT              shift and go to state 41
    GE              shift and go to state 42
    AND             shift and go to state 43
    OR              shift and go to state 44


state 76

    (60) insert_statement -> INSERT INTO IDENTIFIER LPAREN expression_list . RPAREN VALUES LPAREN expression_list RPAREN
    (38) expression_list -> expression_list . COMMA expression

    RPAREN          shift and go to state 90
    COMMA           shift and go to state 91


state 77

    (39) expression_list -> expression .
    (40) expression -> expression . PLUS expression
    (41) expression -> expression . MINUS expression
    (42) expression -> expression . TIMES expression
    (43) expression -> expression . DIVIDE expression
    (44) expression -> expression . EQ expression
    (45) expression -> expression . NEQ expression
    (46) expression -> expression . LT expression
    (47) expression -> expression . LE expression
    (48) expression -> expression . GT expression
    (49) expression -> expression . GE expression
    (50) expression -> expression . AND expression
    (51) expression -> expression . OR expression

    RPAREN          reduce using rule 39 (expression_list -> expression .)
    COMMA           reduce using rule 39 (expression_list -> expression .)
    HAVING          reduce using rule 39 (expression_list -> expression .)
    ORDER           reduce using rule 39 (expression_list -> expression .)
    SEMICOLON       reduce using rule 39 (expression_list -> expression .)
    PLUS            shift and go to state 33
    MINUS           shift and go to state 34
    TIMES           shift and go to state 35
    DIVIDE          shift and go to state 36
    EQ              shift and go to state 37
    NEQ             shift and go to state 38
    LT              shift and go to state 39
    LE              shift and go to state 40
    GT              shift and go to state 41
    GE              shift and go to state 42
    AND             shift and go to state 43
    OR              shift and go to state 44


state 78

    (64) assignment -> IDENTIFIER EQ . expression
    (40) expression -> . expression PLUS expression
    (41) expression -> . expression MINUS expression
    (42) expression -> . expression TIMES expression
    (43) expression -> . expression DIVIDE expression
    (44) expression -> . expression EQ expression
    (45) expression -> . expression NEQ expression
    (46) expression -> . expression LT expression
    (47) expression -> . expression LE expression
    (48) expression -> . expression GT expression
    (49) expression -> . expression GE expression
    (50) expression -> . expression AND expression
    (51) expression -> . expression OR expression
    (52) expression -> . NOT expression
    (53) expression -> . LPAREN expression RPAREN
    (54) expression -> . NUMBER
    (55) expression -> . STRING
    (56) expression -> . IDENTIFIER
    (57) expression -> . CASE case_list ELSE expression END

    NOT             shift and go to state 22
    LPAREN          shift and go to state 23
    NUMBER          shift and go to state 24
    STRING          shift and go to state 25
    IDENTIFIER      shift and go to state 26
    CASE            shift and go to state 27

    expression                     shift and go to state 92

state 79

    (61) update_statement -> UPDATE IDENTIFIER SET assignment_list opt_where .

    SEMICOLON       reduce using rule 61 (update_statement -> UPDATE IDENTIFIER SET assignment_list opt_where .)


state 80

    (62) assignment_list -> assignment_list COMMA . assignment
    (64) assignment -> . IDENTIFIER EQ expression

    IDENTIFIER      shift and go to state 50

    assignment                     shift and go to state 93

state 81

    (24) opt_where -> WHERE expression .
    (40) expression -> expression . PLUS expression
    (41) expression -> expression . MINUS expression
    (42) expression -> expression . TIMES expression
    (43) expression -> expression . DIVIDE expression
    (44) expression -> expression . EQ expression
    (45) expression -> expression . NEQ expression
    (46) expression -> expression . LT expression
    (47) expression -> expression . LE expression
    (48) expression -> expression . GT expression
    (49) expression -> expression . GE expression
    (50) expression -> expression . AND expression
    (51) expression -> expression . OR expression

    SEMICOLON       reduce using rule 24 (opt_where -> WHERE expression .)
    GROUP           reduce using rule 24 (opt_where -> WHERE expression .)
    HAVING          reduce using rule 24 (opt_where -> WHERE expression .)
    ORDER           reduce using rule 24 (opt_where -> WHERE expression .)
    PLUS            shift and go to state 33
    MINUS           shift and go to state 34
    TIMES           shift and go to state 35
    DIVIDE          shift and go to state 36
    EQ              shift and go to state 37
    NEQ             shift and go to state 38
    LT              shift and go to state 39
    LE              shift and go to state 40
    GT              shift and go to state 41
    GE              shift and go to state 42
    AND             shift and go to state 43
    OR              shift and go to state 44


state 82

    (7) select_statement -> SELECT select_opts select_list FROM table_list opt_where . opt_group opt_having opt_order
    (26) opt_group -> . GROUP BY expression_list
    (27) opt_group -> . empty
    (66) empty -> .

    GROUP           shift and go to state 95
    HAVING          reduce using rule 66 (empty -> .)
    ORDER           reduce using rule 66 (empty -> .)
    SEMICOLON       reduce using rule 66 (empty -> .)

    opt_group                      shift and go to state 94
    empty                          shift and go to state 96

state 83

    (12) table_list -> table_list COMMA . table_reference
    (14) table_reference -> . IDENTIFIER opt_alias opt_join

    IDENTIFIER      shift and go to state 58

    table_reference                shift and go to state 97

state 84

    (15) opt_alias -> IDENTIFIER .

    INNER           reduce using rule 15 (opt_alias -> IDENTIFIER .)
    LEFT            reduce using rule 15 (opt_alias -> IDENTIFIER .)
    RIGHT           reduce using rule 15 (opt_alias -> IDENTIFIER .)
    OUTER           reduce using rule 15 (opt_alias -> IDENTIFIER .)
    COMMA           reduce using rule 15 (opt_alias -> IDENTIFIER .)
    WHERE           reduce using rule 15 (opt_alias -> IDENTIFIER .)
    GROUP           reduce using rule 15 (opt_alias -> IDENTIFIER .)
    HAVING          reduce using rule 15 (opt_alias -> IDENTIFIER .)
    ORDER           reduce using rule 15 (opt_alias -> IDENTIFIER .)
    SEMICOLON       reduce using rule 15 (opt_alias -> IDENTIFIER .)
    ON              reduce using rule 15 (opt_alias -> IDENTIFIER .)


state 85

    (14) table_reference -> IDENTIFIER opt_alias . opt_join
    (17) opt_join -> . join_clause
    (18) opt_join -> . empty
    (19) join_clause -> . join_type JOIN table_reference ON expression
    (66) empty -> .
    (20) join_type -> . INNER
    (21) join_type -> . LEFT
    (22) join_type -> . RIGHT
    (23) join_type -> . OUTER

    COMMA           reduce using rule 66 (empty -> .)
    WHERE           reduce using rule 66 (empty -> .)
    GROUP           reduce using rule 66 (empty -> .)
    HAVING          reduce using rule 66 (empty -> .)
    ORDER           reduce using rule 66 (empty -> .)
    SEMICOLON       reduce using rule 66 (empty -> .)
    ON              reduce using rule 66 (empty -> .)
    INNER           shift and go to state 102
    LEFT            shift and go to state 103
    RIGHT           shift and go to state 104
    OUTER           shift and go to state 105

    opt_join                       shift and go to state 98
    join_clause                    shift and go to state 99
    empty                          shift and go to state 100
    join_type                      shift and go to state 101

state 86

    (16) opt_alias -> empty .

    INNER           reduce using rule 16 (opt_alias -> empty .)
    LEFT            reduce using rule 16 (opt_alias -> empty .)
    RIGHT           reduce using rule 16 (opt_alias -> empty .)
    OUTER           reduce using rule 16 (opt_alias -> empty .)
    COMMA           reduce using rule 16 (opt_alias -> empty .)
    WHERE           reduce using rule 16 (opt_alias -> empty .)
    GROUP           reduce using rule 16 (opt_alias -> empty .)
    HAVING          reduce using rule 16 (opt_alias -> empty .)
    ORDER           reduce using rule 16 (opt_alias -> empty .)
    SEMICOLON       reduce using rule 16 (opt_alias -> empty .)
    ON              reduce using rule 16 (opt_alias -> empty .)


state 87

    (57) expression -> CASE case_list ELSE expression . END
    (40) expression -> expression . PLUS expression
    (41) expression -> expression . MINUS expression
    (42) expression -> expression . TIMES expression
    (43) expression -> expression . DIVIDE expression
    (44) expression -> expression . EQ expression
    (45) expression -> expression . NEQ expression
    (46) expression -> expression . LT expression
    (47) expression -> expression . LE expression
    (48) expression -> expression . GT expression
    (49) expression -> expression . GE expression
    (50) expression -> expression . AND expression
    (51) expression -> expression . OR expression

    END             shift and go to state 106
    PLUS            shift and go to state 33
    MINUS           shift and go to state 34
    TIMES           shift and go to state 35
    DIVIDE          shift and go to state 36
    EQ              shift and go to state 37
    NEQ             shift and go to state 38
    LT              shift and go to state 39
    LE              shift and go to state 40
    GT              shift and go to state 41
    GE              shift and go to state 42
    AND             shift and go to state 43
    OR              shift and go to state 44


state 88

    (58) case_list -> case_list WHEN expression . THEN expression
    (40) expression -> expression . PLUS expression
    (41) expression -> expression . MINUS expression
    (42) expression -> expression . TIMES expression
    (43) expression -> expression . DIVIDE expression
    (44) expression -> expression . EQ expression
    (45) expression -> expression . NEQ expression
    (46) expression -> expression . LT expression
    (47) expression -> expression . LE expression
    (48) expression -> expression . GT expression
    (49) expression -> expression . GE expression
    (50) expression -> expression . AND expression
    (51) expression -> expression . OR expression

    THEN            shift and go to state 107
    PLUS            shift and go to state 33
    MINUS           shift and go to state 34
    TIMES           shift and go to state 35
    DIVIDE          shift and go to state 36
    EQ              shift and go to state 37
    NEQ             shift and go to state 38
    LT              shift and go to state 39
    LE              shift and go to state 40
    GT              shift and go to state 41
    GE              shift and go to state 42
    AND             shift and go to state 43
    OR              shift and go to state 44


state 89

    (59) case_list -> WHEN expression THEN . expression
    (40) expression -> . expression PLUS expression
    (41) expression -> . expression MINUS expression
    (42) expression -> . expression TIMES expression
    (43) expression -> . expression DIVIDE expression
    (44) expression -> . expression EQ expression
    (45) expression -> . expression NEQ expression
    (46) expression -> . expression LT expression
    (47) expression -> . expression LE expression
    (48) expression -> . expression GT expression
    (49) expression -> . expression GE expression
    (50) expression -> . expression AND expression
    (51) expression -> . expression OR expression
    (52) expression -> . NOT expression
    (53) expression -> . LPAREN expression RPAREN
    (54) expression -> . NUMBER
    (55) expression -> . STRING
    (56) expression -> . IDENTIFIER
    (57) expression -> . CASE case_list ELSE expression END

    NOT             shift and go to state 22
    LPAREN          shift and go to state 23
    NUMBER          shift and go to state 24
    STRING          shift and go to state 25
    IDENTIFIER      shift and go to state 26
    CASE            shift and go to state 27

    expression                     shift and go to state 108

state 90

    (60) insert_statement -> INSERT INTO IDENTIFIER LPAREN expression_list RPAREN . VALUES LPAREN expression_list RPAREN

    VALUES          shift and go to state 109


state 91

    (38) expression_list -> expression_list COMMA . expression
    (40) expression -> . expression PLUS expression
    (41) expression -> . expression MINUS expression
    (42) expression -> . expression TIMES expression
    (43) expression -> . expression DIVIDE expression
    (44) expression -> . expression EQ expression
    (45) expression -> . expression NEQ expression
    (46) expression -> . expression LT expression
    (47) expression -> . expression LE expression
    (48) expression -> . expression GT expression
    (49) expression -> . expression GE expression
    (50) expression -> . expression AND expression
    (51) expression -> . expression OR expression
    (52) expression -> . NOT expression
    (53) expression -> . LPAREN expression RPAREN
    (54) expression -> . NUMBER
    (55) expression -> . STRING
    (56) expression -> . IDENTIFIER
    (57) expression -> . CASE case_list ELSE expression END

    NOT             shift and go to state 22
    LPAREN          shift and go to state 23
    NUMBER          shift and go to state 24
    STRING          shift and go to state 25
    IDENTIFIER      shift and go to state 26
    CASE            shift and go to state 27

    expression                     shift and go to state 110

state 92

    (64) assignment -> IDENTIFIER EQ expression .
    (40) expression -> expression . PLUS expression
    (41) expression -> expression . MINUS expression
    (42) expression -> expression . TIMES expression
    (43) expression -> expression . DIVIDE expression
    (44) expression -> expression . EQ expression
    (45) expression -> expression . NEQ expression
    (46) expression -> expression . LT expression
    (47) expression -> expression . LE expression
    (48) expression -> expression . GT expression
    (49) expression -> expression . GE expression
    (50) expression -> expression . AND expression
    (51) expression -> expression . OR expression

    COMMA           reduce using rule 64 (assignment -> IDENTIFIER EQ expression .)
    WHERE           reduce using rule 64 (assignment -> IDENTIFIER EQ expression .)
    SEMICOLON       reduce using rule 64 (assignment -> IDENTIFIER EQ expression .)
    PLUS            shift and go to state 33
    MINUS           shift and go to state 34
    TIMES           shift and go to state 35
    DIVIDE          shift and go to state 36
    EQ              shift and go to state 37
    NEQ             shift and go to state 38
    LT              shift and go to state 39
    LE              shift and go to state 40
    GT              shift and go to state 41
    GE              shift and go to state 42
    AND             shift and go to state 43
    OR              shift and go to state 44


state 93

    (62) assignment_list -> assignment_list COMMA assignment .

    COMMA           reduce using rule 62 (assignment_list -> assignment_list COMMA assignment .)
    WHERE           reduce using rule 62 (assignment_list -> assignment_list COMMA assignment .)
    SEMICOLON       reduce using rule 62 (assignment_list -> assignment_list COMMA assignment .)


state 94

    (7) select_statement -> SELECT select_opts select_list FROM table_list opt_where opt_group . opt_having opt_order
    (28) opt_having -> . HAVING expression
    (29) opt_having -> . empty
    (66) empty -> .

    HAVING          shift and go to state 112
    ORDER           reduce using rule 66 (empty -> .)
    SEMICOLON       reduce using rule 66 (empty -> .)

    opt_having                     shift and go to state 111
    empty                          shift and go to state 113

state 95

    (26) opt_group -> GROUP . BY expression_list

    BY              shift and go to state 114


state 96

    (27) opt_group -> empty .

    HAVING          reduce using rule 27 (opt_group -> empty .)
    ORDER           reduce using rule 27 (opt_group -> empty .)
    SEMICOLON       reduce using rule 27 (opt_group -> empty .)


state 97

    (12) table_list -> table_list COMMA table_reference .

    COMMA           reduce using rule 12 (table_list -> table_list COMMA table_reference .)
    WHERE           reduce using rule 12 (table_list -> table_list COMMA table_reference .)
    GROUP           reduce using rule 12 (table_list -> table_list COMMA table_reference .)
    HAVING          reduce using rule 12 (table_list -> table_list COMMA table_reference .)
    ORDER           reduce using rule 12 (table_list -> table_list COMMA table_reference .)
    SEMICOLON       reduce using rule 12 (table_list -> table_list COMMA table_reference .)


state 98

    (14) table_reference -> IDENTIFIER opt_alias opt_join .

    COMMA           reduce using rule 14 (table_reference -> IDENTIFIER opt_alias opt_join .)
    WHERE           reduce using rule 14 (table_reference -> IDENTIFIER opt_alias opt_join .)
    GROUP           reduce using rule 14 (table_reference -> IDENTIFIER opt_alias opt_join .)
    HAVING          reduce using rule 14 (table_reference -> IDENTIFIER opt_alias opt_join .)
    ORDER           reduce using rule 14 (table_reference -> IDENTIFIER opt_alias opt_join .)
    SEMICOLON       reduce using rule 14 (table_reference -> IDENTIFIER opt_alias opt_join .)
    ON              reduce using rule 14 (table_reference -> IDENTIFIER opt_alias opt_join .)


state 99

    (17) opt_join -> join_clause .

    COMMA           reduce using rule 17 (opt_join -> join_clause .)
    WHERE           reduce using rule 17 (opt_join -> join_clause .)
    GROUP           reduce using rule 17 (opt_join -> join_clause .)
    HAVING          reduce using rule 17 (opt_join -> join_clause .)
    ORDER           reduce using rule 17 (opt_join -> join_clause .)
    SEMICOLON       reduce using rule 17 (opt_join -> join_clause .)
    ON              reduce using rule 17 (opt_join -> join_clause .)


state 100

    (18) opt_join -> empty .

    COMMA           reduce using rule 18 (opt_join -> empty .)
    WHERE           reduce using rule 18 (opt_join -> empty .)
    GROUP           reduce using rule 18 (opt_join -> empty .)
    HAVING          reduce using rule 18 (opt_join -> empty .)
    ORDER           reduce using rule 18 (opt_join -> empty .)
    SEMICOLON       reduce using rule 18 (opt_join -> empty .)
    ON              reduce using rule 18 (opt_join -> empty .)


state 101

    (19) join_clause -> join_type . JOIN table_reference ON expression

    JOIN            shift and go to state 115


state 102

    (20) join_type -> INNER .

    JOIN            reduce using rule 20 (join_type -> INNER .)


state 103

    (21) join_type -> LEFT .

    JOIN            reduce using rule 21 (join_type -> LEFT .)


state 104

    (22) join_type -> RIGHT .

    JOIN            reduce using rule 22 (join_type -> RIGHT .)


state 105

    (23) join_type -> OUTER .

    JOIN            reduce using rule 23 (join_type -> OUTER .)


state 106

    (57) expression -> CASE case_list ELSE expression END .

    PLUS            reduce using rule 57 (expression -> CASE case_list ELSE expression END .)
    MINUS           reduce using rule 57 (expression -> CASE case_list ELSE expression END .)
    TIMES           reduce using rule 57 (expression -> CASE case_list ELSE expression END .)
    DIVIDE          reduce using rule 57 (expression -> CASE case_list ELSE expression END .)
    EQ              reduce using rule 57 (expression -> CASE case_list ELSE expression END .)
    NEQ             reduce using rule 57 (expression -> CASE case_list ELSE expression END .)
    LT              reduce using rule 57 (expression -> CASE case_list ELSE expression END .)
    LE              reduce using rule 57 (expression -> CASE case_list ELSE expression END .)
    GT              reduce using rule 57 (expression -> CASE case_list ELSE expression END .)
    GE              reduce using rule 57 (expression -> CASE case_list ELSE expression END .)
    AND             reduce using rule 57 (expression -> CASE case_list ELSE expression END .)
    OR              reduce using rule 57 (expression -> CASE case_list ELSE expression END .)
    FROM            reduce using rule 57 (expression -> CASE case_list ELSE expression END .)
    COMMA           reduce using rule 57 (expression -> CASE case_list ELSE expression END .)
    RPAREN          reduce using rule 57 (expression -> CASE case_list ELSE expression END .)
    THEN            reduce using rule 57 (expression -> CASE case_list ELSE expression END .)
    SEMICOLON       reduce using rule 57 (expression -> CASE case_list ELSE expression END .)
    GROUP           reduce using rule 57 (expression -> CASE case_list ELSE expression END .)
    HAVING          reduce using rule 57 (expression -> CASE case_list ELSE expression END .)
    ORDER           reduce using rule 57 (expression -> CASE case_list ELSE expression END .)
    END             reduce using rule 57 (expression -> CASE case_list ELSE expression END .)
    WHERE           reduce using rule 57 (expression -> CASE case_list ELSE expression END .)
    ELSE            reduce using rule 57 (expression -> CASE case_list ELSE expression END .)
    WHEN            reduce using rule 57 (expression -> CASE case_list ELSE expression END .)
    ASC             reduce using rule 57 (expression -> CASE case_list ELSE expression END .)
    DESC            reduce using rule 57 (expression -> CASE case_list ELSE expression END .)
    ON              reduce using rule 57 (expression -> CASE case_list ELSE expression END .)


state 107

    (58) case_list -> case_list WHEN expression THEN . expression
    (40) expression -> . expression PLUS expression
    (41) expression -> . expression MINUS expression
    (42) expression -> . expression TIMES expression
    (43) expression -> . expression DIVIDE expression
    (44) expression -> . expression EQ expression
    (45) expression -> . expression NEQ expression
    (46) expression -> . expression LT expression
    (47) expression -> . expression LE expression
    (48) expression -> . expression GT expression
    (49) expression -> . expression GE expression
    (50) expression -> . expression AND expression
    (51) expression -> . expression OR expression
    (52) expression -> . NOT expression
    (53) expression -> . LPAREN expression RPAREN
    (54) expression -> . NUMBER
    (55) expression -> . STRING
    (56) expression -> . IDENTIFIER
    (57) expression -> . CASE case_list ELSE expression END

    NOT             shift and go to state 22
    LPAREN          shift and go to state 23
    NUMBER          shift and go to state 24
    STRING          shift and go to state 25
    IDENTIFIER      shift and go to state 26
    CASE            shift and go to state 27

    expression                     shift and go to state 116

state 108

    (59) case_list -> WHEN expression THEN expression .
    (40) expression -> expression . PLUS expression
    (41) expression -> expression . MINUS expression
    (42) expression -> expression . TIMES expression
    (43) expression -> expression . DIVIDE expression
    (44) expression -> expression . EQ expression
    (45) expression -> expression . NEQ expression
    (46) expression -> expression . LT expression
    (47) expression -> expression . LE expression
    (48) expression -> expression . GT expression
    (49) expression -> expression . GE expression
    (50) expression -> expression . AND expression
    (51) expression -> expression . OR expression

    ELSE            reduce using rule 59 (case_list -> WHEN expression THEN expression .)
    WHEN            reduce using rule 59 (case_list -> WHEN expression THEN expression .)
    PLUS            shift and go to state 33
    MINUS           shift and go to state 34
    TIMES           shift and go to state 35
    DIVIDE          shift and go to state 36
    EQ              shift and go to state 37
    NEQ             shift and go to state 38
    LT              shift and go to state 39
    LE              shift and go to state 40
    GT              shift and go to state 41
    GE              shift and go to state 42
    AND             shift and go to state 43
    OR              shift and go to state 44


state 109

    (60) insert_statement -> INSERT INTO IDENTIFIER LPAREN expression_list RPAREN VALUES . LPAREN expression_list RPAREN

    LPAREN          shift and go to state 117


state 110

    (38) expression_list -> expression_list COMMA expression .
    (40) expression -> expression . PLUS expression
    (41) expression -> expression . MINUS expression
    (42) expression -> expression . TIMES expression
    (43) expression -> expression . DIVIDE expression
    (44) expression -> expression . EQ expression
    (45) expression -> expression . NEQ expression
    (46) expression -> expression . LT expression
    (47) expression -> expression . LE expression
    (48) expression -> expression . GT expression
    (49) expression -> expression . GE expression
    (50) expression -> expression . AND expression
    (51) expression -> expression . OR expression

    RPAREN          reduce using rule 38 (expression_list -> expression_list COMMA expression .)
    COMMA           reduce using rule 38 (expression_list -> expression_list COMMA expression .)
    HAVING          reduce using rule 38 (expression_list -> expression_list COMMA expression .)
    ORDER           reduce using rule 38 (expression_list -> expression_list COMMA expression .)
    SEMICOLON       reduce using rule 38 (expression_list -> expression_list COMMA expression .)
    PLUS            shift and go to state 33
    MINUS           shift and go to state 34
    TIMES           shift and go to state 35
    DIVIDE          shift and go to state 36
    EQ              shift and go to state 37
    NEQ             shift and go to state 38
    LT              shift and go to state 39
    LE              shift and go to state 40
    GT              shift and go to state 41
    GE              shift and go to state 42
    AND             shift and go to state 43
    OR              shift and go to state 44


state 111

    (7) select_statement -> SELECT select_opts select_list FROM table_list opt_where opt_group opt_having . opt_order
    (30) opt_order -> . ORDER BY order_list
    (31) opt_order -> . empty
    (66) empty -> .

    ORDER           shift and go to state 119
    SEMICOLON       reduce using rule 66 (empty -> .)

    opt_order                      shift and go to state 118
    empty                          shift and go to state 120

state 112

    (28) opt_having -> HAVING . expression
    (40) expression -> . expression PLUS expression
    (41) expression -> . expression MINUS expression
    (42) expression -> . expression TIMES expression
    (43) expression -> . expression DIVIDE expression
    (44) expression -> . expression EQ expression
    (45) expression -> . expression NEQ expression
    (46) expression -> . expression LT expression
    (47) expression -> . expression LE expression
    (48) expression -> . expression GT expression
    (49) expression -> . expression GE expression
    (50) expression -> . expression AND expression
    (51) expression -> . expression OR expression
    (52) expression -> . NOT expression
    (53) expression -> . LPAREN expression RPAREN
    (54) expression -> . NUMBER
    (55) expression -> . STRING
    (56) expression -> . IDENTIFIER
    (57) expression -> . CASE case_list ELSE expression END

    NOT             shift and go to state 22
    LPAREN          shift and go to state 23
    NUMBER          shift and go to state 24
    STRING          shift and go to state 25
    IDENTIFIER      shift and go to state 26
    CASE            shift and go to state 27

    expression                     shift and go to state 121

state 113

    (29) opt_having -> empty .

    ORDER           reduce using rule 29 (opt_having -> empty .)
    SEMICOLON       reduce using rule 29 (opt_having -> empty .)


state 114

    (26) opt_group -> GROUP BY . expression_list
    (38) expression_list -> . expression_list COMMA expression
    (39) expression_list -> . expression
    (40) expression -> . expression PLUS expression
    (41) expression -> . expression MINUS expression
    (42) expression -> . expression TIMES expression
    (43) expression -> . expression DIVIDE expression
    (44) expression -> . expression EQ expression
    (45) expression -> . expression NEQ expression
    (46) expression -> . expression LT expression
    (47) expression -> . expression LE expression
    (48) expression -> . expression GT expression
    (49) expression -> . expression GE expression
    (50) expression -> . expression AND expression
    (51) expression -> . expression OR expression
    (52) expression -> . NOT expression
    (53) expression -> . LPAREN expression RPAREN
    (54) expression -> . NUMBER
    (55) expression -> . STRING
    (56) expression -> . IDENTIFIER
    (57) expression -> . CASE case_list ELSE expression END

    NOT             shift and go to state 22
    LPAREN          shift and go to state 23
    NUMBER          shift and go to state 24
    STRING          shift and go to state 25
    IDENTIFIER      shift and go to state 26
    CASE            shift and go to state 27

    expression_list                shift and go to state 122
    expression                     shift and go to state 77

state 115

    (19) join_clause -> join_type JOIN . table_reference ON expression
    (14) table_reference -> . IDENTIFIER opt_alias opt_join

    IDENTIFIER      shift and go to state 58

    table_reference                shift and go to state 123

state 116

    (58) case_list -> case_list WHEN expression THEN expression .
    (40) expression -> expression . PLUS expression
    (41) expression -> expression . MINUS expression
    (42) expression -> expression . TIMES expression
    (43) expression -> expression . DIVIDE expression
    (44) expression -> expression . EQ expression
    (45) expression -> expression . NEQ expression
    (46) expression -> expression . LT expression
    (47) expression -> expression . LE expression
    (48) expression -> expression . GT expression
    (49) expression -> expression . GE expression
    (50) expression -> expression . AND expression
    (51) expression -> expression . OR expression

    ELSE            reduce using rule 58 (case_list -> case_list WHEN expression THEN expression .)
    WHEN            reduce using rule 58 (case_list -> case_list WHEN expression THEN expression .)
    PLUS            shift and go to state 33
    MINUS           shift and go to state 34
    TIMES           shift and go to state 35
    DIVIDE          shift and go to state 36
    EQ              shift and go to state 37
    NEQ             shift and go to state 38
    LT              shift and go to state 39
    LE              shift and go to state 40
    GT              shift and go to state 41
    GE              shift and go to state 42
    AND             shift and go to state 43
    OR              shift and go to state 44


state 117

    (60) insert_statement -> INSERT INTO IDENTIFIER LPAREN expression_list RPAREN VALUES LPAREN . expression_list RPAREN
    (38) expression_list -> . expression_list COMMA expression
    (39) expression_list -> . expression
    (40) expression -> . expression PLUS expression
    (41) expression -> . expression MINUS expression
    (42) expression -> . expression TIMES expression
    (43) expression -> . expression DIVIDE expression
    (44) expression -> . expression EQ expression
    (45) expression -> . expression NEQ expression
    (46) expression -> . expression LT expression
    (47) expression -> . expression LE expression
    (48) expression -> . expression GT expression
    (49) expression -> . expression GE expression
    (50) expression -> . expression AND expression
    (51) expression -> . expression OR expression
    (52) expression -> . NOT expression
    (53) expression -> . LPAREN expression RPAREN
    (54) expression -> . NUMBER
    (55) expression -> . STRING
    (56) expression -> . IDENTIFIER
    (57) expression -> . CASE case_list ELSE expression END

    NOT             shift and go to state 22
    LPAREN          shift and go to state 23
    NUMBER          shift and go to state 24
    STRING          shift and go to state 25
    IDENTIFIER      shift and go to state 26
    CASE            shift and go to state 27

    expression_list                shift and go to state 124
    expression                     shift and go to state 77

state 118

    (7) select_statement -> SELECT select_opts select_list FROM table_list opt_where opt_group opt_having opt_order .

    SEMICOLON       reduce using rule 7 (select_statement -> SELECT select_opts select_list FROM table_list opt_where opt_group opt_having opt_order .)


state 119

    (30) opt_order -> ORDER . BY order_list

    BY              shift and go to state 125


state 120

    (31) opt_order -> empty .

    SEMICOLON       reduce using rule 31 (opt_order -> empty .)


state 121

    (28) opt_having -> HAVING expression .
    (40) expression -> expression . PLUS expression
    (41) expression -> expression . MINUS expression
    (42) expression -> expression . TIMES expression
    (43) expression -> expression . DIVIDE expression
    (44) expression -> expression . EQ expression
    (45) expression -> expression . NEQ expression
    (46) expression -> expression . LT expression
    (47) expression -> expression . LE expression
    (48) expression -> expression . GT expression
    (49) expression -> expression . GE expression
    (50) expression -> expression . AND expression
    (51) expression -> expression . OR expression

    ORDER           reduce using rule 28 (opt_having -> HAVING expression .)
    SEMICOLON       reduce using rule 28 (opt_having -> HAVING expression .)
    PLUS            shift and go to state 33
    MINUS           shift and go to state 34
    TIMES           shift and go to state 35
    DIVIDE          shift and go to state 36
    EQ              shift and go to state 37
    NEQ             shift and go to state 38
    LT              shift and go to state 39
    LE              shift and go to state 40
    GT              shift and go to state 41
    GE              shift and go to state 42
    AND             shift and go to state 43
    OR              shift and go to state 44


state 122

    (26) opt_group -> GROUP BY expression_list .
    (38) expression_list -> expression_list . COMMA expression

    HAVING          reduce using rule 26 (opt_group -> GROUP BY expression_list .)
    ORDER           reduce using rule 26 (opt_group -> GROUP BY expression_list .)
    SEMICOLON       reduce using rule 26 (opt_group -> GROUP BY expression_list .)
    COMMA           shift and go to state 91


state 123

    (19) join_clause -> join_type JOIN table_reference . ON expression

    ON              shift and go to state 126


state 124

    (60) insert_statement -> INSERT INTO IDENTIFIER LPAREN expression_list RPAREN VALUES LPAREN expression_list . RPAREN
    (38) expression_list -> expression_list . COMMA expression

    RPAREN          shift and go to state 127
    COMMA           shift and go to state 91


state 125

    (30) opt_order -> ORDER BY . order_list
    (32) order_list -> . order_list COMMA order_expression
    (33) order_list -> . order_expression
    (34) order_expression -> . expression opt_ascdesc
    (40) expression -> . expression PLUS expression
    (41) expression -> . expression MINUS expression
    (42) expression -> . expression TIMES expression
    (43) expression -> . expression DIVIDE expression
    (44) expression -> . expression EQ expression
    (45) expression -> . expression NEQ expression
    (46) expression -> . expression LT expression
    (47) expression -> . expression LE expression
    (48) expression -> . expression GT expression
    (49) expression -> . expression GE expression
    (50) expression -> . expression AND expression
    (51) expression -> . expression OR expression
    (52) expression -> . NOT expression
    (53) expression -> . LPAREN expression RPAREN
    (54) expression -> . NUMBER
    (55) expression -> . STRING
    (56) expression -> . IDENTIFIER
    (57) expression -> . CASE case_list ELSE expression END

    NOT             shift and go to state 22
    LPAREN          shift and go to state 23
    NUMBER          shift and go to state 24
    STRING          shift and go to state 25
    IDENTIFIER      shift and go to state 26
    CASE            shift and go to state 27

    order_list                     shift and go to state 128
    order_expression               shift and go to state 129
    expression                     shift and go to state 130

state 126

    (19) join_clause -> join_type JOIN table_reference ON . expression
    (40) expression -> . expression PLUS expression
    (41) expression -> . expression MINUS expression
    (42) expression -> . expression TIMES expression
    (43) expression -> . expression DIVIDE expression
    (44) expression -> . expression EQ expression
    (45) expression -> . expression NEQ expression
    (46) expression -> . expression LT expression
    (47) expression -> . expression LE expression
    (48) expression -> . expression GT expression
    (49) expression -> . expression GE expression
    (50) expression -> . expression AND expression
    (51) expression -> . expression OR expression
    (52) expression -> . NOT expression
    (53) expression -> . LPAREN expression RPAREN
    (54) expression -> . NUMBER
    (55) expression -> . STRING
    (56) expression -> . IDENTIFIER
    (57) expression -> . CASE case_list ELSE expression END

    NOT             shift and go to state 22
    LPAREN          shift and go to state 23
    NUMBER          shift and go to state 24
    STRING          shift and go to state 25
    IDENTIFIER      shift and go to state 26
    CASE            shift and go to state 27

    expression                     shift and go to state 131

state 127

    (60) insert_statement -> INSERT INTO IDENTIFIER LPAREN expression_list RPAREN VALUES LPAREN expression_list RPAREN .

    SEMICOLON       reduce using rule 60 (insert_statement -> INSERT INTO IDENTIFIER LPAREN expression_list RPAREN VALUES LPAREN expression_list RPAREN .)


state 128

    (30) opt_order -> ORDER BY order_list .
    (32) order_list -> order_list . COMMA order_expression

    SEMICOLON       reduce using rule 30 (opt_order -> ORDER BY order_list .)
    COMMA           shift and go to state 132


state 129

    (33) order_list -> order_expression .

    COMMA           reduce using rule 33 (order_list -> order_expression .)
    SEMICOLON       reduce using rule 33 (order_list -> order_expression .)


state 130

    (34) order_expression -> expression . opt_ascdesc
    (40) expression -> expression . PLUS expression
    (41) expression -> expression . MINUS expression
    (42) expression -> expression . TIMES expression
    (43) expression -> expression . DIVIDE expression
    (44) expression -> expression . EQ expression
    (45) expression -> expression . NEQ expression
    (46) expression -> expression . LT expression
    (47) expression -> expression . LE expression
    (48) expression -> expression . GT expression
    (49) expression -> expression . GE expression
    (50) expression -> expression . AND expression
    (51) expression -> expression . OR expression
    (35) opt_ascdesc -> . ASC
    (36) opt_ascdesc -> . DESC
    (37) opt_ascdesc -> . empty
    (66) empty -> .

    PLUS            shift and go to state 33
    MINUS           shift and go to state 34
    TIMES           shift and go to state 35
    DIVIDE          shift and go to state 36
    EQ              shift and go to state 37
    NEQ             shift and go to state 38
    LT              shift and go to state 39
    LE              shift and go to state 40
    GT              shift and go to state 41
    GE              shift and go to state 42
    AND             shift and go to state 43
    OR              shift and go to state 44
    ASC             shift and go to state 134
    DESC            shift and go to state 135
    COMMA           reduce using rule 66 (empty -> .)
    SEMICOLON       reduce using rule 66 (empty -> .)

    opt_ascdesc                    shift and go to state 133
    empty                          shift and go to state 136

state 131

    (19) join_clause -> join_type JOIN table_reference ON expression .
    (40) expression -> expression . PLUS expression
    (41) expression -> expression . MINUS expression
    (42) expression -> expression . TIMES expression
    (43) expression -> expression . DIVIDE expression
    (44) expression -> expression . EQ expression
    (45) expression -> expression . NEQ expression
    (46) expression -> expression . LT expression
    (47) expression -> expression . LE expression
    (48) expression -> expression . GT expression
    (49) expression -> expression . GE expression
    (50) expression -> expression . AND expression
    (51) expression -> expression . OR expression

    COMMA           reduce using rule 19 (join_clause -> join_type JOIN table_reference ON expression .)
    WHERE           reduce using rule 19 (join_clause -> join_type JOIN table_reference ON expression .)
    GROUP           reduce using rule 19 (join_clause -> join_type JOIN table_reference ON expression .)
    HAVING          reduce using rule 19 (join_clause -> join_type JOIN table_reference ON expression .)
    ORDER           reduce using rule 19 (join_clause -> join_type JOIN table_reference ON expression .)
    SEMICOLON       reduce using rule 19 (join_clause -> join_type JOIN table_reference ON expression .)
    ON              reduce using rule 19 (join_clause -> join_type JOIN table_reference ON expression .)
    PLUS            shift and go to state 33
    MINUS           shift and go to state 34
    TIMES           shift and go to state 35
    DIVIDE          shift and go to state 36
    EQ              shift and go to state 37
    NEQ             shift and go to state 38
    LT              shift and go to state 39
    LE              shift and go to state 40
    GT              shift and go to state 41
    GE              shift and go to state 42
    AND             shift and go to state 43
    OR              shift and go to state 44


state 132

    (32) order_list -> order_list COMMA . order_expression
    (34) order_expression -> . expression opt_ascdesc
    (40) expression -> . expression PLUS expression
    (41) expression -> . expression MINUS expression
    (42) expression -> . expression TIMES expression
    (43) expression -> . expression DIVIDE expression
    (44) expression -> . expression EQ expression
    (45) expression -> . expression NEQ expression
    (46) expression -> . expression LT expression
    (47) expression -> . expression LE expression
    (48) expression -> . expression GT expression
    (49) expression -> . expression GE expression
    (50) expression -> . expression AND expression
    (51) expression -> . expression OR expression
    (52) expression -> . NOT expression
    (53) expression -> . LPAREN expression RPAREN
    (54) expression -> . NUMBER
    (55) expression -> . STRING
    (56) expression -> . IDENTIFIER
    (57) expression -> . CASE case_list ELSE expression END

    NOT             shift and go to state 22
    LPAREN          shift and go to state 23
    NUMBER          shift and go to state 24
    STRING          shift and go to state 25
    IDENTIFIER      shift and go to state 26
    CASE            shift and go to state 27

    order_expression               shift and go to state 137
    expression                     shift and go to state 130

state 133

    (34) order_expression -> expression opt_ascdesc .

    COMMA           reduce using rule 34 (order_expression -> expression opt_ascdesc .)
    SEMICOLON       reduce using rule 34 (order_expression -> expression opt_ascdesc .)


state 134

    (35) opt_ascdesc -> ASC .

    COMMA           reduce using rule 35 (opt_ascdesc -> ASC .)
    SEMICOLON       reduce using rule 35 (opt_ascdesc -> ASC .)


state 135

    (36) opt_ascdesc -> DESC .

    COMMA           reduce using rule 36 (opt_ascdesc -> DESC .)
    SEMICOLON       reduce using rule 36 (opt_ascdesc -> DESC .)


state 136

    (37) opt_ascdesc -> empty .

    COMMA           reduce using rule 37 (opt_ascdesc -> empty .)
    SEMICOLON       reduce using rule 37 (opt_ascdesc -> empty .)


state 137

    (32) order_list -> order_list COMMA order_expression .

    COMMA           reduce using rule 32 (order_list -> order_list COMMA order_expression .)
    SEMICOLON       reduce using rule 32 (order_list -> order_list COMMA order_expression .)

